epoch,train/box_loss_mean,train/box_loss_sem,val/box_loss_mean,val/box_loss_sem,train/cls_loss_mean,train/cls_loss_sem,val/cls_loss_mean,val/cls_loss_sem,metrics/mAP50(B)_mean,metrics/mAP50(B)_sem,metrics/mAP50-95(B)_mean,metrics/mAP50-95(B)_sem
1,2.42045,0.016213238418033522,1.8887066666666668,0.0685975515436067,20.1247,1.1092647850415747,4.318973333333333,0.041356342654758384,0.004316666666666667,0.004306666666666667,0.0012666666666666666,0.0012666666666666668
2,2.0848066666666667,0.014774489650896389,2.023816666666667,0.057651304215757114,7.716933333333333,0.37883312800991636,3.4622233333333328,0.20656225714727688,0.13392,0.02818325803262166,0.05139,0.01072559089281332
3,2.0601133333333332,0.03280386884364576,2.2379666666666664,0.05402830317939327,5.4274933333333335,0.18021073223066142,3.0842799999999997,0.2944440770899177,0.12042666666666667,0.031037113446825415,0.04114333333333333,0.012638676530572514
4,2.1614833333333334,0.03826120155515828,2.2511733333333335,0.07364637857883972,4.973683333333334,0.2081009522910564,2.9173066666666667,0.21320538871655603,0.13172666666666666,0.015673523676711768,0.04454333333333333,0.00837826818488032
5,1.9634033333333332,0.044113301219070485,2.115393333333333,0.02534511940744767,4.005426666666667,0.16684318828701925,2.761063333333333,0.15041903972273973,0.16394,0.02328684678811911,0.06060333333333334,0.009896371950254182
6,1.9945833333333336,0.014448437439544942,2.2819866666666666,0.0911322974825306,3.2281833333333334,0.12645763247471906,3.192016666666667,0.3581064769652239,0.15689666666666666,0.013308715607116682,0.05712333333333334,0.008546019216245915
7,1.8868466666666668,0.021043719833823225,2.192363333333333,0.018959261882022422,3.0016499999999997,0.07672339343381526,2.71148,0.17861338537000343,0.1832666666666667,0.015587611890358458,0.06588000000000001,0.010188935174982714
8,1.8940533333333336,0.03909899842422794,2.1064233333333333,0.020743473136815314,2.542396666666667,0.060701289753824605,2.4801466666666667,0.15293863478896072,0.19924,0.02729314443836279,0.07682333333333334,0.009804210546721471
9,1.7630133333333333,0.024344763525471196,2.276146666666667,0.029804072055863554,2.1939466666666667,0.040998217169910166,2.357753333333333,0.08182443529356692,0.21040666666666666,0.029549011451785956,0.07812999999999999,0.01266957378920065
10,1.8186633333333333,0.03398602866538606,2.1904800000000004,0.028885536749960798,2.0792900000000003,0.06711778477671426,2.5427933333333335,0.06967068784248115,0.24155666666666664,0.002580861182714879,0.09504666666666667,0.0018019372291447275
11,1.7467933333333334,0.0023093024439812425,2.2246399999999995,0.13266860480158826,1.8678566666666665,0.03462338820957751,2.5695366666666666,0.17836358338455127,0.25156666666666666,0.024063365193680717,0.1047,0.010584195765385294
12,1.6606433333333335,0.02026376432068941,2.1884600000000005,0.09827729900643391,1.7138866666666666,0.03562176035952062,2.4517900000000004,0.07046634823327613,0.28401000000000004,0.03427683911914866,0.11874666666666667,0.017245687705755446
13,1.6459599999999999,0.032818065654960996,2.2732966666666665,0.13913376708924555,1.5609433333333333,0.02961765764614821,2.3568166666666666,0.193808672349247,0.3406466666666666,0.006237350755284208,0.14738333333333334,0.006469323337447624
14,1.5856000000000001,0.025393781390988836,2.216273333333333,0.14999828602724474,1.3633866666666667,0.018956186618386894,2.5325666666666664,0.2997208481422523,0.29716666666666663,0.04215170867763778,0.11294333333333334,0.01711866654983514
15,1.5760633333333331,0.01764551910385314,2.2904099999999996,0.05178408668049802,1.3560266666666667,0.052559860899528466,2.3661366666666668,0.06516916048084237,0.31134666666666666,0.029651536403888266,0.12710666666666667,0.010635814235141778
16,1.4647033333333335,0.007551080128770392,2.0288800000000005,0.018403904477039604,1.23862,0.01209401642686723,2.2612133333333335,0.0694499249659623,0.31886333333333333,0.03946556572225689,0.1437166666666667,0.014533607413317743
17,1.4510500000000002,0.029159959419267637,2.19978,0.07430311052259743,1.10286,0.018774377042483505,2.3020666666666667,0.12147220317605356,0.34334333333333333,0.02010692279898753,0.13944333333333334,0.010926030589580301
18,1.4391333333333334,0.025292710631941204,2.092786666666667,0.048375975557202966,1.0738266666666665,0.024911898317426122,2.3737733333333333,0.10927372623116886,0.35827666666666663,0.018164350005191784,0.17452,0.015675504244946428
19,1.4387999999999999,0.007761522616943981,2.30067,0.09339789094692308,1.0882966666666667,0.04725166322763441,2.7224233333333334,0.19922762829933452,0.25081333333333333,0.017556757799902695,0.10876666666666668,0.005619354450863943
20,1.46073,0.007352468973072929,2.17713,0.049929561384013846,1.03226,0.020802022337583773,2.05281,0.09807903598629017,0.3973966666666667,0.016596688759441675,0.1773,0.006092692344111917
21,1.4254866666666668,0.014846379281756816,2.1351966666666664,0.06819051017390743,0.9447133333333334,0.02044803359195641,2.2213266666666667,0.14755475326505457,0.35424999999999995,0.009251142271813428,0.16352999999999998,0.007766320450080164
22,1.3471566666666666,0.01690456578692403,2.07843,0.12718682806538315,0.88272,0.0053379053319943005,2.3394600000000003,0.33758535577440757,0.3587033333333334,0.04528420119399015,0.1704933333333333,0.020768216368073383
23,1.2900466666666668,0.024162308342632468,2.1381799999999997,0.04792064308138337,0.8258433333333333,0.005312006316930655,1.8482399999999999,0.06698630780490393,0.44873,0.034490912329675084,0.20542333333333337,0.019729011069432187
24,1.2602866666666666,0.01614296165860251,2.170106666666667,0.14493782509905564,0.8075533333333333,0.02429144865539679,2.21871,0.09437817032202594,0.3884666666666667,0.04697152837387537,0.1879833333333333,0.03236290589205145
25,1.1957433333333334,0.02388338427535853,2.1731833333333337,0.022610783808714934,0.7052833333333334,0.008733455469883852,2.2317333333333336,0.07198841164459119,0.40049666666666667,0.05872110816771465,0.19160666666666668,0.02702962407762597
26,1.2158299999999997,0.01807034679615571,2.121793333333333,0.010993219627469361,0.7229000000000001,0.009888965230666626,2.22113,0.04877929307947517,0.39242333333333335,0.044515519890383305,0.19537666666666667,0.027756456506149652
27,1.1641966666666668,0.002237828808863134,2.06447,0.039335905141909946,0.6745199999999999,0.012664797669129972,2.0288833333333334,0.05528647222522986,0.43354333333333334,0.025613832417487055,0.21583333333333332,0.013355725780020764
28,1.1671633333333336,0.021961106023553938,2.0276899999999998,0.1333063105533018,0.6400733333333334,0.0031782297658357684,2.2402433333333334,0.14270945078881236,0.4117633333333333,0.02524182794049943,0.20682999999999999,0.028061668398962545
29,1.1278066666666666,0.038084896539762936,2.018753333333333,0.10295381882723491,0.65647,0.020766617442424275,2.1603066666666666,0.1467678941200849,0.4475533333333333,0.015393134111602423,0.23026,0.008409143832757286
30,1.0816966666666668,0.004033101921736064,2.132893333333333,0.06516926482459169,0.6377166666666666,0.016472637244162733,2.2311133333333335,0.20052944358483735,0.45281666666666665,0.02520627192673372,0.22216666666666665,0.010476004857662953
31,1.0631599999999999,0.031360775394325476,2.0116833333333335,0.0680694043687112,0.5865800000000001,0.011000574227436192,2.3574566666666668,0.16887371310472737,0.4469633333333334,0.012337444810188397,0.2404666666666667,0.012531765416111357
32,1.0418033333333334,0.012338397158644446,2.1142566666666665,0.06837096370373742,0.5642299999999999,0.01883442150248668,2.134133333333333,0.03867788874509284,0.41790666666666665,0.01732786420127356,0.20553,0.006466810135865538
33,1.0621333333333334,0.007797577259066522,2.10031,0.006767542636240537,0.5380533333333334,0.012831305900457307,2.0976266666666663,0.08278866917908777,0.4643266666666666,0.016804880574140094,0.23145333333333332,0.007258958449927774
34,1.0608166666666665,0.029185170511370637,1.9850466666666666,0.02876501945844023,0.5176266666666667,0.0037356406560469717,2.2188766666666666,0.04477860066792823,0.4909666666666667,0.01581216866143849,0.25335,0.008422808320269431
35,1.0582833333333332,0.01376881056752704,1.9439866666666668,0.07506354404399274,0.5183366666666668,0.00964962923870366,2.1876333333333333,0.15831234204712044,0.4677833333333334,0.027579409187129294,0.26116999999999996,0.014575981384913107
36,1.0558166666666668,0.013218358866028417,1.9767066666666668,0.03923719338133716,0.5377299999999999,0.005328436293447948,2.00332,0.036640662293868656,0.48692,0.011732183655796282,0.25398666666666664,0.007241602799871796
37,1.01695,0.021709703667561527,1.9919933333333333,0.058998545838953614,0.51447,0.02599809031448271,2.19908,0.10602862648046209,0.46856666666666663,0.025883399012580334,0.23945666666666665,0.007961679750181142
38,0.9972666666666666,0.010330347418058015,1.94078,0.05405125437952383,0.48453999999999997,0.011395512274575463,2.2729733333333333,0.21079553619035146,0.44700999999999996,0.008086620637406786,0.24753,0.01292430784736008
39,0.9777633333333333,0.031075426697705095,1.92783,0.05217328914300879,0.47623666666666664,0.021943242189288656,2.36488,0.3326621886138149,0.45014,0.011605584862470314,0.22778666666666667,0.010350443361411039
40,1.0439333333333334,0.01109452768009727,1.9957766666666668,0.03756827444060277,0.46998333333333336,0.012536699902464145,2.3672866666666668,0.33643080682032944,0.47389,0.016670471898939554,0.24296666666666666,0.0023205913997178416
41,0.9493733333333333,0.027271924717147792,2.0363100000000003,0.017034331021009586,0.46654,0.02423311026949148,2.1984966666666668,0.04711441157202087,0.45271,0.02351781452431327,0.24518000000000004,0.017363556663310655
42,0.9917233333333334,0.01546943689271779,2.0958200000000002,0.01773872693665854,0.45377,0.008192075439105773,1.9935466666666668,0.1761617293221708,0.4793133333333333,0.041199204010649436,0.25906999999999997,0.026362587758665366
43,0.9208333333333334,0.0074774000234781555,2.1019833333333335,0.027022646264034007,0.43465333333333334,0.009447188882296032,2.19321,0.14393632075794263,0.4977666666666667,0.031585047798672786,0.25526,0.022336853702644283
44,0.8962633333333333,0.0078319693848,2.0014133333333333,0.02015539822920337,0.41420666666666667,0.006262034635625847,2.38382,0.28353645080189127,0.4720866666666667,0.04122924582273014,0.24383666666666667,0.026519261762810154
45,0.92361,0.007201381811846934,2.0071066666666666,0.07982893154183586,0.41418333333333335,0.011071143170924625,2.3732933333333333,0.13081416211982208,0.49811999999999995,0.04565770289155308,0.2688633333333333,0.03310938655091299
46,0.9424466666666667,0.030041731715139918,1.9348533333333335,0.09921418267790375,0.40631666666666666,0.009407196417873102,2.2039033333333333,0.13916653768457096,0.52327,0.009193590158365779,0.2831033333333333,0.009414864724348283
47,0.9146166666666667,0.02281902812225894,2.0132866666666662,0.00690534655981235,0.4079566666666667,0.004145460703521908,2.06872,0.0557802689129409,0.5066333333333334,0.015989492730470792,0.2784066666666667,0.014097254263784054
48,0.8693466666666666,0.018475458797490737,2.026386666666667,0.043531803061414576,0.4096666666666666,0.008883772346875573,2.3283466666666666,0.06684650510269367,0.4876833333333333,0.007065631213447558,0.26948,0.0055708198080115035
49,0.8950633333333333,0.01602106252545205,2.0383033333333334,0.0026457912070136686,0.4114066666666667,0.02367561356708158,2.30219,0.19812546891637461,0.47134666666666664,0.03228210770345981,0.25666666666666665,0.014053244386182771
50,0.8564533333333332,0.01875412961930725,2.0073066666666666,0.07143938184067505,0.37548000000000004,0.008303501269544874,2.15578,0.07338121308164199,0.49117000000000005,0.021499744959727618,0.26559333333333335,0.004878627994745158
51,0.8727933333333334,0.03127353318347286,1.9805933333333332,0.04316751105995232,0.3804100000000001,0.0030767352827306958,2.0208033333333333,0.07875305165163089,0.5287233333333333,0.029088336914379346,0.2867133333333333,0.017737644839280232
52,0.87839,0.009815071743667178,2.08677,0.019611783022798677,0.36284333333333335,0.00973033972228674,2.2286633333333334,0.1511063737165901,0.50314,0.02590792156850875,0.26559,0.01242376888602382
53,0.8281566666666667,0.028771705043516456,2.0558366666666665,0.07781356358487758,0.38199999999999995,0.02017314303721658,2.29664,0.15873555755826518,0.4822166666666667,0.01827211567145719,0.2664,0.0061958238623554575
54,0.85669,0.01794529464790146,2.106956666666667,0.05228901775495301,0.37186,0.00730766036430266,2.394273333333333,0.04900722169005075,0.4753966666666667,0.003197714461576853,0.2575,0.008675081171570283
55,0.88112,0.01769867320827565,1.9843,0.07713750406471118,0.3758066666666666,0.006873701897651492,2.3811166666666668,0.05340227096710819,0.49645333333333336,0.00917919810102045,0.2891666666666666,0.010350720318466306
56,0.7856566666666667,0.008099408071650108,1.9977666666666665,0.048659757957109154,0.3171266666666666,0.006884926369331124,2.309553333333333,0.19108681398196417,0.5207266666666667,0.0055941944112723845,0.28416,0.008986085540063225
57,0.8135166666666667,0.003825359823307841,1.8689733333333336,0.008404475659498983,0.3422766666666666,0.0167174203884584,2.5622366666666667,0.33758174201879526,0.5113833333333333,0.017845998929109503,0.28645666666666664,0.0019021858771190254
58,0.7831366666666666,0.014589656533920815,1.93068,0.018765692988358628,0.31004000000000004,0.01696868095443288,2.1892166666666664,0.31326860042320087,0.52013,0.011049873302441065,0.2889833333333333,0.005169017744643986
59,0.7691833333333333,0.021569786224665682,1.9739333333333333,0.061274380272490506,0.30875,0.001672692440348782,2.1979666666666664,0.14513150293593902,0.5404966666666666,0.016570991051969255,0.28587,0.005762554410444507
60,0.80931,0.018293416848691763,1.9579266666666666,0.017009919981521897,0.32399333333333336,0.01243757255701896,2.148093333333333,0.1094363987792809,0.5225399999999999,0.021921395940952316,0.27779333333333334,0.015620961700370587
61,0.8011699999999999,0.007568804396996944,2.0214233333333333,0.05912550276976746,0.3166533333333333,0.007523353271277683,2.2528166666666665,0.19032738341546598,0.5126499999999999,0.008430245152623575,0.2780066666666667,0.008033795975613132
62,0.7857500000000001,0.006479207770501975,1.90927,0.019510123867708586,0.32109666666666664,0.009568170032863017,2.3643199999999998,0.37154312836241954,0.5091833333333333,0.03341685270106154,0.28529333333333334,0.012935790574131047
63,0.7780733333333334,0.010913944189786667,2.03118,0.05609364877892442,0.3151266666666666,0.011165993512048594,2.1472866666666666,0.06293104065386003,0.5127966666666667,0.0024444381313049883,0.28292999999999996,0.001990410342952763
64,0.7844433333333334,0.008819290094887335,1.9438833333333332,0.08356959860565982,0.31400333333333336,0.006644156162456677,2.1931499999999997,0.1098351378202804,0.5082066666666667,0.015172631427819128,0.28727,0.007866475280157773
65,0.7648366666666666,0.02835077326007959,1.8118866666666669,0.05070690496481825,0.3010266666666667,0.007736584804966885,2.2284633333333335,0.07591003761763732,0.5169866666666667,0.03172981843278933,0.29231333333333337,0.020641257498299637
66,0.77141,0.03849138128637801,1.9300533333333334,0.02896196030044315,0.31544666666666665,0.013963204423690777,2.3664833333333335,0.16325459486472177,0.47679,0.03482711060845176,0.2823233333333333,0.022288667025593477
67,0.7714333333333333,0.01041817695717974,1.93889,0.011543731343605227,0.31429,0.005750489834208334,2.5135,0.2417883603484668,0.49273999999999996,0.02528155256308441,0.29339666666666664,0.007040476625279792
68,0.7809333333333334,0.008833640875149469,1.9444566666666667,0.017639762218100097,0.32698,0.006612430213872466,2.41235,0.14121714851013434,0.5102266666666667,0.00824486169953411,0.30522666666666665,0.007477237309178948
69,0.7556799999999999,0.02842786836890873,1.8699533333333334,0.02318251160777117,0.3056833333333333,0.0036808075804698613,2.143126666666667,0.0833241822308773,0.5251133333333333,0.01710105000025176,0.31095333333333336,0.010996248350131863
70,0.72228,0.011035535027053883,1.9014566666666666,0.03626049012967754,0.3230233333333334,0.014146630144470615,2.2648833333333336,0.09494015313753071,0.5200066666666666,0.01822092051583686,0.30408666666666667,0.015034964065286099
71,0.6782133333333333,0.013192171079006599,1.8696566666666665,0.010271972114015508,0.26052000000000003,0.011049996983408332,2.0681100000000003,0.19292699992484214,0.53366,0.028459407934811293,0.3193566666666667,0.01118326179808219
72,0.7171433333333334,0.010503038184787811,1.8787266666666669,0.04377378756490902,0.26476333333333335,0.007591381809511226,2.3055133333333333,0.16114756718955173,0.51815,0.010759973667873594,0.30332,0.017646714519517034
73,0.72973,0.010818439505461663,1.9023533333333333,0.02552004854575668,0.28034,0.0062656391001503844,2.2062066666666666,0.12560505726725776,0.5004333333333334,0.01610763931941749,0.2948233333333333,0.014907441467639957
74,0.7574899999999999,0.014719011515723468,1.84821,0.030300149064539848,0.2920433333333333,0.00584226078766698,2.250386666666667,0.14638209240811448,0.5302033333333334,0.01719785387127644,0.31217999999999996,0.005409180467809652
75,0.6755766666666666,0.02715602715993472,1.8592566666666668,0.03352411536657022,0.26821999999999996,0.0012491730598012912,2.2839666666666667,0.11706584220476579,0.5288533333333333,0.012381707385404398,0.30738666666666664,0.006690653514003267
76,0.7034266666666666,0.0062326461296769945,1.8637233333333334,0.06246870318629784,0.25619333333333333,0.013740938023940653,2.20237,0.0449317916402184,0.5399466666666667,0.0097537929944088,0.30715,0.009098968806042442
77,0.6771666666666666,0.00837322385809539,1.8004233333333335,0.06771409659574423,0.24392333333333335,0.01017490758898794,2.21278,0.09871661460969976,0.5508566666666667,0.016742487204050003,0.32514666666666664,0.00892890686354034
78,0.6496633333333334,0.007926458505817385,1.8752666666666666,0.06120332952090469,0.22892333333333334,0.0030873955222988697,2.3430733333333333,0.20242149427480385,0.5292733333333333,0.006526975648116902,0.31304,0.006496401568047751
79,0.6765066666666666,0.005676352506476131,1.8431166666666667,0.03312610065257373,0.23876,0.004345829418342756,2.2323066666666667,0.18452636580656373,0.53604,0.009303811047092502,0.3248566666666667,0.015822446432556227
80,0.6859299999999999,0.017592950292659854,1.87223,0.07681723916760703,0.23561333333333334,0.006645410279115789,2.456656666666667,0.23386163832013537,0.5195166666666666,0.006953033710386997,0.30978666666666665,0.006795896637759524
81,0.6858833333333334,0.014940138702316134,1.8545966666666667,0.04200591717577152,0.25531333333333334,0.01958195796588733,2.224463333333333,0.1854834632640993,0.5467866666666666,0.009107001579981053,0.32488666666666666,0.0029101679982052138
82,0.6343066666666667,0.013862881294225145,1.8978266666666668,0.05308837924735613,0.23648666666666665,0.018119696772051993,2.2751333333333332,0.2635161371613596,0.5407766666666667,0.014294346590328789,0.3115133333333333,0.013334134559259731
83,0.6374066666666667,0.019249832322502033,1.7775233333333336,0.008326248321489758,0.22976333333333332,0.012896811406097424,2.4911733333333332,0.29421367883072863,0.49948,0.017481368176814237,0.31265666666666664,0.012627364905016583
84,0.64473,0.018698602443320025,1.8206833333333334,0.03209804268868189,0.2556333333333333,0.014894081971634839,2.444976666666667,0.22806072190927082,0.5249633333333333,0.026506995512715344,0.31522,0.022149539498599075
85,0.6337833333333333,0.01547666774355658,1.7802733333333334,0.031498398019229115,0.24737333333333333,0.021722857649131806,2.3960866666666667,0.17791114957878398,0.5401633333333333,0.018732060158396322,0.32162,0.018814500613445292
86,0.6554033333333332,0.00824813177500079,1.8310433333333334,0.034703482214005266,0.25101666666666667,0.01687942468740502,2.530256666666667,0.08978797271597375,0.5222233333333334,0.0030198804244171307,0.30648000000000003,0.004198098776033424
87,0.6674033333333332,0.01570128267937935,1.82052,0.013261323463365164,0.24599000000000001,0.011877537623598586,2.3552666666666666,0.08220490868014581,0.5369233333333333,0.005357575114836122,0.31592333333333333,0.006962835469675967
88,0.64121,0.01584430917816655,1.80743,0.048314635808762274,0.22974333333333333,0.010818364530330407,2.3732466666666667,0.07520463867194488,0.5095299999999999,0.014609385111404702,0.30797,0.011685813336406387
89,0.6294866666666666,0.025262719128743408,1.8953066666666667,0.07722126592533377,0.22074666666666665,0.010557765441186459,2.231116666666667,0.04166867741814918,0.5066033333333334,0.007134912597767255,0.3072533333333334,0.005149693626269857
90,0.6559533333333333,0.002205767692009067,1.9085966666666667,0.06750573341905443,0.23016,0.0159662153728845,2.359223333333333,0.012180534106151228,0.4907966666666666,0.02206498684442038,0.29818,0.015333784051346666
91,0.66981,0.010841605047224315,1.9085633333333334,0.025744705820377498,0.22839666666666666,0.015648060937736387,2.33377,0.09581625975445576,0.48157333333333335,0.008428602757541983,0.29254,0.004250141174125863
92,0.6214466666666667,0.01881889505553161,1.7999133333333333,0.059836406234926136,0.21084999999999998,0.009913008288775584,2.32992,0.06710728052901571,0.5077833333333334,0.023800339866854387,0.30589333333333335,0.010020499543990369
93,0.5835666666666667,0.014995659742442517,1.8579233333333331,0.07794596105279893,0.19526666666666667,0.008187678411966225,2.3449633333333337,0.14048063286841747,0.51355,0.01901887834056817,0.3119633333333333,0.02003699106929759
94,0.5689033333333332,0.00994931209235649,1.7748800000000002,0.04578037461620426,0.19045333333333334,0.009597823248586693,2.26165,0.2827219645399582,0.5317500000000001,0.026712594407881853,0.32355666666666666,0.015677808449454208
95,0.6145,0.0088981252707148,1.7544433333333334,0.026995346718359518,0.20196666666666666,0.0067823455464250055,2.4102366666666666,0.172660727085744,0.5175566666666667,0.027931617886863946,0.33238666666666666,0.016910127471758206
96,0.5605600000000001,0.012007307497242384,1.7675766666666668,0.05080978722429152,0.18714333333333333,0.0030176720240020155,2.6083,0.0992587169975514,0.48952,0.025646112765875466,0.3159633333333333,0.023459185360488913
97,0.61969,0.01690574557164909,1.8128533333333332,0.047619744271094555,0.20859333333333333,0.006936008298085514,2.2642466666666667,0.12940863499438937,0.5156,0.02196164004197622,0.32566999999999996,0.02097357146506051
98,0.5762200000000001,0.01765542787171509,1.7912333333333335,0.034375560278262295,0.19581666666666667,0.0069053610413294915,2.3144766666666667,0.1291492150361141,0.5076833333333334,0.015100375639183452,0.3268233333333333,0.01461403929255852
99,0.5918900000000001,0.012300638194825521,1.7838966666666665,0.03465077985333732,0.19466333333333333,0.01003564369855987,2.42496,0.10579787773548828,0.5002,0.020323681589055977,0.3173333333333333,0.016382252931483855
100,0.5822733333333333,0.012801810201859914,1.8041900000000002,0.008408236041723213,0.20093666666666665,0.007560269689487132,2.2478599999999997,0.05096184553173089,0.53461,0.0183666935873971,0.32806,0.00473972924683819
101,0.58054,0.014958677526216482,1.7920966666666667,0.07972352566491556,0.20705666666666667,0.007305386901306308,2.3366333333333333,0.15467643909500606,0.5184633333333334,0.023575811285675354,0.32226,0.013122615338922868
102,0.6004066666666666,0.024899451354955155,1.76888,0.04308347401653367,0.21516333333333335,0.008935163369768035,2.2954933333333334,0.05125023653061946,0.5250733333333333,0.012477406692809914,0.33057,0.010004460671787018
103,0.5704166666666667,0.006119194754577151,1.7420166666666665,0.053172822109712324,0.18994666666666668,0.005069945211187637,2.21912,0.13066655744043057,0.5158999999999999,0.014551188954858634,0.33127,0.016502084716786547
104,0.5551133333333333,0.00727686364063834,1.7331166666666666,0.01014071386923907,0.19777666666666663,0.013626456293222802,2.2881533333333333,0.10559315024080766,0.5164033333333333,0.0066830839521220065,0.3247166666666667,0.00874720971383318
105,0.5716266666666666,0.010691826057528426,1.8028433333333334,0.05974923886079593,0.18877000000000002,0.005657431690558301,2.375986666666667,0.1221901093014943,0.5396233333333332,0.006351551866363928,0.33626666666666666,0.007633647737338806
106,0.5782333333333334,0.008209070863651032,1.7419133333333334,0.051515566687275346,0.19273333333333334,0.013924392665790169,2.63303,0.22949788895180143,0.5120366666666666,0.015260415386803124,0.3188933333333333,0.005570099739781256
107,0.53854,0.011442448747245195,1.8179533333333335,0.05272175557690685,0.19348666666666667,0.018784130122112247,2.320263333333333,0.21048299142158203,0.5110333333333333,0.009733468606365946,0.32369333333333333,0.00608838876697093
108,0.5509333333333334,0.007630241003911849,1.7856233333333336,0.0777537751137811,0.18958666666666665,0.008527649799980714,2.30064,0.06448840231648897,0.5281833333333333,0.01359392674853167,0.33052,0.00548337791268606
109,0.5288,0.006645105968555577,1.7835766666666668,0.024847452138554927,0.17591333333333334,0.00391789626089195,2.4509566666666665,0.2225556279025788,0.5213733333333334,0.018554371751991774,0.3268466666666667,0.007491066531394422
110,0.5742266666666667,0.00822704145553622,1.78454,0.03405819774053428,0.18255333333333335,0.004051396192809472,2.251086666666667,0.20933941899328104,0.5375833333333334,0.008999433932815498,0.33522333333333326,0.0051051422877112515
111,0.5654366666666667,0.010800309151953843,1.7685866666666668,0.04545614602131498,0.18033,0.0029975378785485514,2.305823333333333,0.039022421475067105,0.52732,0.012380310981554532,0.32049999999999995,0.006405716197272563
112,0.5823233333333333,0.011123994086857695,1.7328000000000001,0.07476405977027553,0.18225666666666665,0.003641310814039975,2.287126666666667,0.15424532908469035,0.5313066666666667,0.023235879104905367,0.32632,0.00959245710615031
113,0.5667933333333334,0.002484769159857293,1.7557933333333333,0.058240012686964396,0.17815,0.0038650269511781342,2.345573333333333,0.2257164869427526,0.53009,0.026667335824937584,0.3375333333333333,0.010267674734059538
114,0.5422566666666667,0.006692695852776928,1.7662833333333332,0.049183418050305426,0.16971666666666665,0.004062644185475485,2.39434,0.20411328496695158,0.5186033333333334,0.017454330249094183,0.32786,0.0140224546115626
115,0.5363433333333334,0.005645211343352077,1.7458566666666666,0.03236644472975747,0.16774999999999998,0.004774938044973286,2.431763333333333,0.18305493249598906,0.5217266666666667,0.01035929427025692,0.33230333333333334,0.006295504568958531
116,0.5784933333333333,0.006287809192751047,1.7809466666666667,0.022719937157581357,0.17387333333333335,0.0033216679210567976,2.31926,0.12882718553680092,0.51823,0.006268516570928085,0.31666999999999995,0.00434147824287228
117,0.53029,0.01052060993162154,1.6716766666666667,0.05323296044536483,0.16740666666666662,0.0028764580843654067,2.5777066666666664,0.38771844240089726,0.51232,0.024931466730486067,0.31973,0.005595644139268805
118,0.5640133333333334,0.0042303440889732815,1.6879933333333332,0.03803944546271822,0.17414,0.005119501928898942,2.5272566666666667,0.18632551179171478,0.5170866666666667,0.007814167333191117,0.32509666666666664,0.010558617859886344
119,0.5466733333333332,0.01978562974596574,1.7502466666666667,0.05120813943548863,0.17303666666666664,0.00917805413896529,2.2426233333333334,0.09202905416829567,0.5328733333333333,0.02423857692008982,0.3302066666666667,0.017267326885704634
120,0.5308766666666668,0.0072495731675120976,1.6983933333333334,0.030148000670764945,0.17583333333333337,0.00975815100882904,2.2295366666666667,0.2163647773501449,0.5557666666666666,0.01431134087979803,0.3457733333333333,0.008802644173454052
121,0.5274033333333333,0.019777580180036655,1.7213033333333332,0.03996733680283328,0.16641666666666666,0.005909208444829515,2.3424333333333336,0.15008191955654684,0.5221566666666667,0.00969725963581696,0.32817999999999997,0.005413329228241463
122,0.5333600000000001,0.012483838886069198,1.7254566666666669,0.01980667003253643,0.17235333333333333,0.004740366840000648,2.5337866666666664,0.2922122752574079,0.5244866666666667,0.004452150541529837,0.33342,0.01111564812925154
123,0.53498,0.00974307959528198,1.7843033333333331,0.05578364465603796,0.17540333333333333,0.004514485328116353,2.6832533333333335,0.14319287649103835,0.5061766666666666,0.02072140144338162,0.31957,0.009761675061176747
124,0.5186033333333333,0.024465751799425887,1.78032,0.06335200891316187,0.16432333333333335,0.00608661464015735,2.4805366666666666,0.3060602110878039,0.5296533333333334,0.012983068889048464,0.3286966666666667,0.006613834826415841
125,0.5285533333333333,0.0033157067287549707,1.7507366666666666,0.048671384588665385,0.16894333333333333,0.0033126894075827707,2.6774,0.2361409058874242,0.5137266666666666,0.00716789679365185,0.33241333333333334,0.008181192523777392
126,0.5332533333333334,0.005549021935841001,1.7620633333333335,0.03378255976749607,0.16779333333333332,0.0040281068064842145,2.470283333333333,0.14896210752328184,0.5214466666666667,0.01450689759313748,0.32450333333333337,0.008775310694088153
127,0.5274733333333333,0.016483398045036433,1.7700500000000001,0.06753546031530397,0.16674666666666668,0.00819192759842137,2.35066,0.1444804707679669,0.5321066666666666,0.005860052142354306,0.33632333333333336,0.0025531570870416806
128,0.53549,0.009273129640705629,1.7480033333333334,0.03485739727008379,0.16943,0.0034505844915511566,2.4739633333333333,0.1826782097326091,0.5386933333333334,0.013955056829375895,0.33904,0.0011703560711737876
129,0.5485366666666667,0.017799719411021944,1.6971833333333333,0.012614085160821019,0.17697333333333332,0.004643204114019162,2.476383333333333,0.24359872237851427,0.5188333333333334,0.009849267880293317,0.3261766666666666,0.003698857180866057
130,0.53222,0.008353157087792211,1.7169666666666668,0.016278212773861593,0.1750233333333333,0.002731704799408444,2.357013333333333,0.26790286556470017,0.52282,0.02618292764379111,0.32248,0.0062704306072230735
131,0.5248700000000001,0.013105236866738956,1.6930766666666666,0.040912508817937086,0.16177333333333332,0.0006454283676580885,2.62609,0.15470005569919273,0.51227,0.023508481448192273,0.32453000000000004,0.016132964183104528
132,0.5127233333333333,0.0036453181540771493,1.71797,0.02726242102235239,0.16460333333333332,0.0025860738152221727,2.6069633333333333,0.22413441401187026,0.5132933333333333,0.023781713796762215,0.3298366666666666,0.01331028716611496
133,0.5202033333333334,0.006479198338614987,1.6985033333333333,0.01865959121857828,0.1577666666666667,0.002872724220046964,2.601366666666667,0.21193742632621027,0.5255033333333333,0.024060213585456354,0.3369866666666666,0.013947896296972932
134,0.5262733333333333,0.009899192447422739,1.7223133333333331,0.010206052670406446,0.15764,0.0038682941977052354,2.43174,0.32638399639075444,0.55037,0.018826779685685333,0.34664333333333336,0.0073301894776177335
135,0.53839,0.015281061263319821,1.72365,0.030089490413320933,0.15767333333333336,0.002568114310366872,2.369763333333333,0.28175206431265853,0.5373533333333333,0.02091381786708917,0.33866666666666667,0.013110156792010951
136,0.51791,0.010186433788786609,1.7019833333333334,0.009942543828305636,0.15154,0.0007479527614317184,2.54801,0.24714300334017147,0.50643,0.014248203395516223,0.3313433333333333,0.01583558896213771
137,0.4989166666666667,0.013086751994967201,1.6789166666666666,0.005700907335191845,0.14880666666666667,0.0067051456194312286,2.3439900000000002,0.26835451632743834,0.53152,0.034595800804914645,0.34217666666666663,0.02290099148751232
138,0.49761000000000005,0.01729138899375449,1.6853933333333335,0.01805668881913601,0.14329999999999998,0.005006439187020388,2.38449,0.22533515534273232,0.5327033333333333,0.018857769692563798,0.33665999999999996,0.009495088203908377
139,0.4957766666666667,0.007055185642096493,1.7069133333333333,0.04976908891180463,0.14807333333333333,0.007904176814261626,2.45328,0.2501115034006499,0.5182633333333334,0.02921039902348325,0.3364066666666667,0.015885429732235064
140,0.47064666666666666,0.011805682718269393,1.6871633333333333,0.021356165646274388,0.14315,0.007466942703230913,2.465056666666667,0.3565596896889933,0.5492333333333334,0.010411430150453769,0.35019,0.008141967411709122
141,0.4857766666666666,0.010925630925082122,1.6803233333333332,0.039435752109531805,0.15073666666666666,0.010897859626754443,2.30092,0.11629937532076426,0.5308533333333334,0.017866689987546966,0.33652333333333334,0.007968911120375505
142,0.49755333333333335,0.02245624585227412,1.7303166666666667,0.0442407807094063,0.16156,0.018449526642527542,2.39851,0.18804596698679824,0.5423,0.02098615098900545,0.3426366666666667,0.010391651029124833
143,0.5068933333333333,0.00345332850707513,1.6606933333333334,0.05313766063516327,0.15976666666666664,0.008856617739169828,2.6439566666666665,0.3250321100718786,0.5121466666666667,0.019220964538174942,0.32939333333333337,0.010219478677723468
144,0.49745,0.004448778858668227,1.67968,0.022284089241728835,0.16015666666666667,0.010839859060174373,2.4661666666666666,0.19545309431620098,0.5188933333333333,0.016401597821892565,0.33120999999999995,0.007838809433411002
145,0.49894333333333335,0.01672724756530828,1.66558,0.04392291239584794,0.15563000000000002,0.00781652736194277,2.288123333333333,0.18735741150123855,0.5409066666666668,0.022465808341665436,0.34206000000000003,0.007046207017490582
146,0.47733,0.02293397988429686,1.6817900000000001,0.016815565210046714,0.14736666666666665,0.009100361409184686,2.29486,0.0871279756067668,0.5227766666666667,0.006541165373574071,0.33987000000000006,0.011176127832721558
147,0.46959666666666666,0.015083025042889917,1.6808533333333333,0.03741962601511559,0.1419433333333333,0.008348856874513484,2.438743333333333,0.023979530391101816,0.5347633333333334,0.018516516351025046,0.34861666666666663,0.019703468673758374
148,0.47207333333333334,0.0018280621190515066,1.6250533333333335,0.030127352651332956,0.14206666666666667,0.005763952154940608,2.459023333333333,0.09685247481493581,0.5433433333333333,0.025430801097182223,0.3498333333333334,0.018601166032745833
149,0.48319666666666666,0.011121136532647097,1.6632,0.0034368202358187865,0.15411,0.01184311755127565,2.4273666666666665,0.11213891836071516,0.5450666666666667,0.013795316032786081,0.3471966666666666,0.013482878443088894
150,0.44162999999999997,0.010376285462534265,1.68976,0.05385203555422327,0.15175666666666668,0.015941920977236224,2.515216666666667,0.18357747559121862,0.5217200000000001,0.01003170141767253,0.33248333333333335,0.008137299579371784
151,0.4695033333333334,0.012945519602463934,1.71702,0.04075228378058504,0.14827666666666664,0.01130207257295955,2.553803333333333,0.07640285167743704,0.5112166666666667,0.015490747058952464,0.31933666666666666,0.012240814696924571
152,0.46582999999999997,0.016763138131030236,1.67783,0.02592992544018072,0.15171,0.014987936259983672,2.463253333333333,0.3218977842593998,0.5387666666666666,0.014416666666666671,0.34163000000000004,0.00544152858426136
153,0.4662733333333333,0.009766202491813862,1.71175,0.0150838766016344,0.14958333333333332,0.010375156759190571,2.3900300000000003,0.21283719466609527,0.5388733333333334,0.009304436815006286,0.33671999999999996,0.005311336931507926
154,0.43873000000000006,0.006821312190480658,1.7094266666666666,0.018888270022541603,0.14681,0.01910246144697937,2.5378333333333334,0.2671025573528724,0.5153033333333333,0.004892703183767075,0.3284133333333333,0.0036349109724693037
155,0.45114666666666664,0.014732348006267638,1.6827700000000003,0.02831955684681525,0.14851,0.015244570618201529,2.54319,0.23350889711814704,0.5106633333333334,0.008055292945911074,0.3320133333333333,0.005798368544494024
156,0.4449066666666666,0.012326319176641683,1.6973733333333332,0.02111869813958974,0.14523666666666665,0.01732037752988594,2.5819666666666667,0.16274593864193496,0.51812,0.019076751121019888,0.3321233333333333,0.007726217990999496
157,0.4459866666666667,0.018361038762674746,1.6800966666666666,0.06752830279059127,0.14874333333333334,0.01965498777523009,2.6492466666666665,0.24058138611381483,0.5132566666666666,0.0078074544151371305,0.3325066666666667,0.0047486150027607425
158,0.45933,0.009442506729324236,1.6923866666666667,0.05570817424559686,0.14603999999999998,0.011233398120485776,2.6788600000000002,0.22217713481214343,0.49702,0.005691698633389995,0.32796,0.004755870057097856
159,0.44192000000000004,0.003998466372665072,1.70474,0.042851331756823284,0.1398033333333333,0.011474371926650762,2.340106666666667,0.1496783643164383,0.5218066666666666,0.002921964711932308,0.3333966666666666,0.005300070230142665
160,0.4518533333333334,0.012260275055823349,1.7528666666666666,0.029029238899962753,0.14060666666666666,0.011841979470417005,2.3034133333333333,0.15670137250338448,0.5147499999999999,0.006827476351722763,0.3279066666666667,0.0025076505161427823
161,0.46064,0.012816992626977679,1.72776,0.038107490514770595,0.14386333333333334,0.01411494519216344,2.454966666666667,0.18521687165170586,0.50444,0.010220234830961576,0.3202666666666667,0.0028049559315215227
162,0.4516,0.009274648241308126,1.6787400000000001,0.07065637786734703,0.13608,0.007881237212519366,2.46695,0.0764323393597238,0.5002300000000001,0.01133413869687503,0.32463333333333333,0.00697414829527193
163,0.43376,0.01370778367692361,1.6587866666666666,0.04956123395468593,0.13694333333333333,0.01412121847119119,2.3483933333333336,0.13822098566345764,0.5246566666666667,0.008410969689109055,0.34173666666666663,0.004141856803147323
164,0.47409000000000007,0.013087025381397156,1.7199200000000001,0.04350507594905832,0.14348333333333332,0.008189304678122011,2.4165933333333336,0.04269682436799153,0.5048233333333333,0.002663170624984009,0.3273,0.005671069857913348
165,0.46887666666666666,0.012469782587430213,1.70083,0.049264292680737155,0.14147333333333334,0.010259938812899638,2.3590533333333332,0.03949633330379475,0.5056033333333333,0.00850716821927903,0.32492666666666664,0.005157006022016184
166,0.45904666666666666,0.005836729487573592,1.6926033333333335,0.03668281583763411,0.13842666666666667,0.007670606958455832,2.5555,0.1866742342513646,0.51747,0.011959761703311648,0.3303466666666666,0.0025266732629641167
167,0.4493500000000001,0.012388483899708364,1.7091266666666665,0.036044159181635956,0.13414666666666666,0.0038944504675813315,2.61652,0.2747770551434987,0.5055166666666667,0.018281464504914365,0.32886,0.006412849080816845
168,0.4355466666666667,0.0023090137384702693,1.6723166666666665,0.049404271182875645,0.13242666666666666,0.0067629020726641025,2.6258333333333335,0.2674272195279389,0.5304266666666666,0.029879400001413103,0.3431233333333333,0.013914770729136883
169,0.4404266666666667,0.01233149941320105,1.6560966666666666,0.06281260604192261,0.13512000000000002,0.006663740191013855,2.7116166666666666,0.28063037031733473,0.5204566666666667,0.012445200324266019,0.3365033333333334,0.00797632399319665
170,0.43765000000000004,0.006234679890205538,1.623033333333333,0.05160426737306819,0.13745333333333332,0.013332097026016237,2.8162233333333333,0.2915479766884194,0.5018266666666668,0.014022425293475856,0.3208166666666667,0.006132499037459732
171,0.42996000000000006,0.009333525593257893,1.6583133333333333,0.037877926876275135,0.13206333333333334,0.008296027831304438,2.6376466666666665,0.23876727555881225,0.5064966666666666,0.010349541589418873,0.3342766666666666,0.007578377868060618
172,0.44084666666666666,0.012802034126566672,1.7046733333333333,0.018310418103121277,0.13432333333333335,0.007906422143492667,2.54192,0.0891095765523176,0.4902866666666667,0.031203270305815357,0.32916,0.018551779788832483
173,0.45576666666666665,0.01037211378863752,1.6292,0.0274065448387789,0.13382333333333332,0.004795394781570242,2.7599266666666664,0.19202054667260074,0.49052333333333326,0.025236281641935903,0.32878333333333337,0.016942542443341972
174,0.4583333333333333,0.014938570138329098,1.6459866666666667,0.05055870723997777,0.13052333333333332,0.004982122483886201,2.5286033333333333,0.1421032371591552,0.5032633333333333,0.02406075666123389,0.3352633333333333,0.015468702093079583
175,0.43056,0.006901507081790183,1.6801633333333335,0.00986224168792828,0.12617333333333333,0.004551403934807121,2.53732,0.2234930737927538,0.5091166666666667,0.011514666492975138,0.33220333333333335,0.0014697429858463208
176,0.4688833333333333,0.014681769118346883,1.6795099999999998,0.020288209219478513,0.13464,0.005520027173846158,2.44014,0.04877825027612209,0.5125033333333332,0.010853622027282458,0.3314566666666667,0.011802415477821106
177,0.4614233333333333,0.010075622947380354,1.6996166666666666,0.03667993744693561,0.13084666666666667,0.0033255291976532777,2.408,0.07657012885801702,0.5171433333333334,0.011792676164090616,0.3346333333333333,0.008732831410513106
178,0.43495333333333336,0.01183290656507428,1.6711766666666668,0.050429449839464936,0.12386666666666668,0.004211699313948123,2.3676733333333337,0.06581856889291272,0.53069,0.018746842400788458,0.3453033333333333,0.0062065136035548306
179,0.41179000000000004,0.008241073959139068,1.6363433333333333,0.0459226328852246,0.11824666666666667,0.0023370517989790285,2.317283333333333,0.06977013934660334,0.5310333333333334,0.02030052325543468,0.34872,0.009450525558577857
180,0.41262333333333334,0.014543017033767243,1.6601633333333332,0.04317476745095965,0.1173,0.004563200631136003,2.4047899999999998,0.05465852906912155,0.5138033333333334,0.01012259902945439,0.33146666666666663,0.003976272682355214
181,0.43463333333333337,0.010664067912595299,1.67419,0.04009620971280615,0.12690333333333334,0.006609670524651321,2.3747233333333333,0.05279175987889684,0.5117133333333334,0.013057641866398052,0.3341066666666667,0.006045983055807478
182,0.41089666666666663,0.003890134245041484,1.7143033333333335,0.029656446366871207,0.12013666666666667,0.0009339938139219362,2.326373333333333,0.15033725246184915,0.5208866666666667,0.022822997417322532,0.34082666666666667,0.006427338312068055
183,0.43005333333333334,0.00392515958628154,1.6752299999999998,0.03255218016252264,0.1261766666666667,0.0022390796720478195,2.470283333333333,0.19094170334889596,0.5119566666666667,0.025437659964006987,0.3383,0.01092520480357234
184,0.38348,0.012032424250055903,1.6419633333333332,0.026271871734698412,0.11371666666666667,0.0019449193070950532,2.463026666666667,0.1792129255321105,0.5204566666666667,0.02297497213152706,0.3468333333333333,0.007966250337796608
185,0.43044333333333334,0.00509452756505558,1.6277133333333333,0.06313543572704983,0.12812666666666667,0.0028469535374579715,2.4489,0.18154371374410072,0.5256633333333333,0.010958237895655379,0.35419333333333336,0.00604440328825857
186,0.41014,0.013644216112819877,1.6705266666666667,0.05207019567639228,0.11884,0.003776228276998092,2.52019,0.2109374620592558,0.5114233333333333,0.007323244575399016,0.3380033333333334,0.005378018015754307
187,0.4190933333333334,0.006660015849163663,1.6849800000000001,0.026629594439270016,0.12308000000000001,0.0018342391701556616,2.51412,0.1535015251824337,0.5054233333333334,0.006718098275884677,0.33698333333333336,0.005250096295413164
188,0.4337433333333333,0.01484758715901154,1.7013833333333332,0.018991780970842156,0.12283,0.0037286637463484567,2.49567,0.19794503639478636,0.5082533333333333,0.020536135901814086,0.33486333333333335,0.005184156419107907
189,0.41984666666666665,0.007712038929131804,1.6170866666666666,0.05320062792027096,0.12021,0.0028751405762733285,2.7448166666666665,0.24433537125116464,0.5015333333333333,0.025484913402072044,0.3340633333333334,0.012226924297540149
190,0.4204733333333333,0.018359517362332208,1.6424500000000002,0.043973883537087484,0.11939,0.0036586381801612137,2.681753333333333,0.11320383390641457,0.49083666666666664,0.020644379649461763,0.33292666666666665,0.010803290136702707
191,0.43427333333333334,0.016068480879590872,1.6822633333333332,0.05015579106920538,0.12393666666666665,0.0048036143799342484,2.5830966666666666,0.20148588083976943,0.4947266666666667,0.019197310864921806,0.33646333333333334,0.004262242497924209
192,0.4158266666666666,0.005903471671633379,1.6395433333333334,0.036044149008927634,0.12106666666666667,0.003462187811838701,2.54129,0.24187041351379326,0.5204033333333333,0.027013335801250298,0.34281333333333336,0.01265234804734328
193,0.4196933333333333,0.006640445098870336,1.69515,0.05555066426245505,0.11795,0.0019101134346769402,2.49473,0.03469782846231163,0.51818,0.020620973142248474,0.33696,0.00956694482754726
194,0.44218,0.017737823992812637,1.6519366666666666,0.06449580201670323,0.12351666666666666,0.003588037222648493,2.4639433333333334,0.08146339246011736,0.5195633333333333,0.012860277774777825,0.34232,0.004270390302224528
195,0.4052166666666667,0.01628201700581896,1.6601333333333332,0.06655329201307611,0.11593666666666665,0.0041215221028698176,2.564016666666667,0.14346253196489242,0.5128866666666667,0.011889999065507851,0.34147666666666665,0.006232806573107957
196,0.4049333333333333,0.011776147266591246,1.6671133333333332,0.050873811970840614,0.11535666666666666,0.003273781367844291,2.461586666666667,0.1098189468069047,0.5247966666666667,0.012383801695943166,0.3462,0.00810601628421755
197,0.40226000000000006,0.013528639990775127,1.6870866666666666,0.038989877461264755,0.11523666666666667,0.0035528454949675377,2.452336666666667,0.08031342651000375,0.5205833333333333,0.011189879852398407,0.3425466666666667,0.004579790145604685
198,0.39991333333333334,0.013706234996445155,1.6304066666666666,0.05433870822085406,0.11371666666666667,0.0036588947936653116,2.54898,0.1000009001626152,0.50425,0.017687261894745992,0.3397966666666667,0.00931157046069267
199,0.40934333333333334,0.013404454897947598,1.64639,0.03128339495643016,0.11912666666666666,0.005880312727889375,2.6048266666666664,0.10265965360246342,0.50575,0.01005201969755333,0.33955666666666673,0.005896440545881136
200,0.3980266666666667,0.0070437829167129965,1.6456366666666666,0.05972356104959286,0.11621333333333334,0.00207565518438021,2.4813333333333336,0.14302471235574793,0.5157266666666667,0.006466390887590308,0.3408466666666667,0.004286977697373508
201,0.38996000000000003,0.009237339082946633,1.6306366666666667,0.04921902963059896,0.11287333333333333,0.003206744628296916,2.34446,0.10187177299592533,0.5232199999999999,0.011045084879710058,0.3456666666666666,0.0036697971484962234
202,0.3876266666666666,0.014252548699949932,1.65224,0.03193076938210747,0.11205666666666668,0.0048602892003574375,2.3448433333333334,0.08383202338274112,0.5211733333333334,0.01909275109680229,0.34898333333333337,0.007536016483822497
203,0.4265033333333333,0.009438344369879946,1.6746233333333336,0.04599908489427924,0.12177666666666666,0.004189679117917159,2.3540300000000003,0.08645301633450016,0.5229333333333334,0.01745395975448296,0.34811,0.00789539317154841
204,0.4041433333333333,0.008517167630406507,1.68299,0.0344042458620057,0.11838333333333334,0.0025817328375423456,2.4640533333333337,0.14761821582868584,0.5138933333333333,0.022290777116207593,0.34208,0.012657299606682828
205,0.39991333333333334,0.0038308455695548298,1.6457833333333334,0.04778007057806055,0.12,0.004286991952406723,2.3599099999999997,0.15810082553020816,0.5112166666666667,0.01525348739724061,0.3451833333333334,0.00896436339686825
206,0.4137866666666667,0.004182094105960693,1.64158,0.04229428960667547,0.12082,0.0041596033464742785,2.4181866666666667,0.1789418429111661,0.5057833333333334,0.022703107227376996,0.34036333333333335,0.008386913085939982
207,0.3913533333333334,0.012402037914973659,1.6540633333333332,0.01854267540327205,0.11529666666666667,0.005159490715607929,2.393326666666667,0.15956282319025458,0.49905333333333335,0.043950564021156525,0.3337333333333334,0.023454097249260692
208,0.38739666666666667,0.009979890335625506,1.6686233333333333,0.023201949870167757,0.11280333333333332,0.003787876860605568,2.5060366666666667,0.08301359413440128,0.5063033333333333,0.021851380836103794,0.3328966666666667,0.007466139862368268
209,0.38088000000000005,0.015650496264762132,1.68339,0.03622771360896705,0.11076000000000001,0.005000213328782415,2.58972,0.07013193067355271,0.5024099999999999,0.021572739742554716,0.3351233333333333,0.011647807137444842
210,0.4253566666666666,0.010445875315698114,1.6414533333333334,0.035377690867425336,0.11977,0.0031493226785030038,2.5158566666666666,0.053747940218930985,0.51981,0.023010035491787775,0.34376333333333337,0.010565683971129256
211,0.4124333333333334,0.007712721813846122,1.6395766666666667,0.04929387025223768,0.11684333333333334,0.00301100942837743,2.4390533333333333,0.07689265815263369,0.51999,0.024920032771514042,0.3452466666666667,0.011933718801967998
212,0.3894933333333334,0.007297900002359882,1.62385,0.04425125082977883,0.11092999999999999,0.0021412690940966136,2.4558233333333335,0.15236297826061435,0.5207366666666666,0.014024317372969657,0.34596,0.006085263620693294
213,0.40159666666666666,0.005510965835898875,1.6532133333333334,0.05410086423626807,0.11398000000000001,0.001164316680861928,2.46583,0.13524388451978156,0.5175533333333333,0.025490673021933166,0.3481666666666667,0.0077376510934807925
214,0.4048866666666667,0.01183611610472138,1.6336433333333333,0.06919129866616983,0.11549,0.0020372285095197344,2.64875,0.29335461686043623,0.50414,0.02297280203487013,0.34048000000000006,0.010778433714289536
215,0.3805433333333333,0.015382576001581947,1.66249,0.059732322908120715,0.11105999999999999,0.002604713675883271,2.603033333333333,0.12896326096132102,0.5007866666666666,0.02464336985433969,0.3390666666666666,0.011555416238476408
216,0.3824666666666667,0.012293497377791968,1.6574733333333331,0.03179869249583143,0.10992,0.0024804099123599196,2.53823,0.12887178912909275,0.49633666666666665,0.025436871095146737,0.34123333333333333,0.01598177747032887
217,0.38321999999999995,0.007781531554477778,1.6448099999999999,0.016359413192410036,0.10849666666666667,0.00155753366291426,2.3612,0.15605192287611627,0.5219033333333334,0.01505308089543281,0.34789000000000003,0.00884416756964723
218,0.3717966666666667,0.008832799354929593,1.6495833333333334,0.014106018022264265,0.10686,0.0022504740241409884,2.25996,0.06989149590615448,0.5227866666666666,0.018229805569756112,0.34568,0.004767665396536696
219,0.40160666666666667,0.004283286640471832,1.64523,0.041417746598931854,0.11337666666666668,0.0008557517812491578,2.457543333333333,0.05506456129954281,0.5188266666666667,0.0165794655456012,0.34908,0.005927261874873872
220,0.36891999999999997,0.003144110897111183,1.64954,0.042014408639576645,0.10503333333333335,0.0009824176527548968,2.517986666666667,0.15049764054998038,0.5222766666666666,0.007695293655504275,0.3525833333333333,0.00516372066548056
221,0.38860333333333336,0.015679950396746932,1.6144966666666667,0.06737204769866435,0.10986,0.004054479004755108,2.530416666666667,0.12575625634977802,0.51937,0.01142873133816698,0.34565666666666667,0.011575511987716912
222,0.3917333333333333,0.004981731069060674,1.6376933333333332,0.06876777499510782,0.11123000000000001,0.0012810282328400639,2.56235,0.17718926161969678,0.51587,0.012583204414350634,0.34578333333333333,0.008732327550226475
223,0.36299666666666663,0.009792116443570538,1.6148533333333333,0.05154923935207757,0.10432999999999999,0.0024880983367490377,2.531213333333333,0.15682074026664258,0.52201,0.010144872267965411,0.35063,0.010250907276919446
224,0.3804633333333333,0.008481897062437014,1.5902766666666668,0.04437042308164802,0.10883666666666665,0.0029375518907946313,2.5421033333333334,0.23610225421296688,0.52733,0.013217081120025448,0.35728,0.012042235396027319
225,0.3550866666666667,0.00398043688277778,1.6627200000000002,0.07490129326876364,0.10467333333333333,0.003698740025708457,2.3955800000000003,0.09215207557799948,0.5279166666666666,0.016789728341393074,0.35409666666666667,0.014053508854058885
226,0.35842,0.002878616565875577,1.647903333333333,0.05702804290678209,0.10367333333333334,0.000996164868103892,2.5562766666666668,0.11519390671578271,0.51422,0.012299338735612309,0.3423333333333333,0.005492298648511784
227,0.38089333333333336,0.007093269893200027,1.6499199999999998,0.03541158332146887,0.10886,0.0021496356280387005,2.555426666666667,0.09185190332510516,0.5100333333333333,0.012020879520419648,0.34286,0.008546779120425044
228,0.35053333333333336,0.002569347085242567,1.6493233333333333,0.0543540275518854,0.10066666666666667,0.0002450396793265175,2.6130633333333333,0.08207077440301827,0.5003633333333334,0.016469341550624027,0.3360366666666667,0.009763978583435008
229,0.40077333333333337,0.006308981252503794,1.6296733333333335,0.04465290783115675,0.11849333333333334,0.0031956341745853494,2.647923333333333,0.05642988402532043,0.4992166666666667,0.02951111221971218,0.3370866666666667,0.01297777245053163
230,0.38755,0.009867812996471584,1.64639,0.029676419932330084,0.10902,0.0021507750540987174,2.6090766666666663,0.0920543582769321,0.50618,0.025225191773304716,0.3352899999999999,0.01153882287468412
231,0.3457966666666667,0.007997867076776018,1.6447433333333332,0.053363184042100706,0.09902666666666667,0.001992789780963136,2.649343333333333,0.10713767487573075,0.49695333333333336,0.024847170417932465,0.3297733333333333,0.015523704812676363
232,0.37665,0.002805405496537002,1.63253,0.06894148460832565,0.10665000000000001,0.0006700994951000453,2.5511399999999997,0.123434963577316,0.5060666666666667,0.01847788708459685,0.33525000000000005,0.013742377280999571
233,0.3715133333333333,0.01124434277512226,1.659,0.0560928694220576,0.10599333333333334,0.002555649515180914,2.5637900000000005,0.08332555450360546,0.5101033333333334,0.023262132557250872,0.3367633333333333,0.013759920461656435
234,0.37648666666666664,0.004966948537862838,1.6789033333333334,0.04682413812459457,0.10649666666666667,0.00092600095992271,2.5999033333333332,0.044895618692449075,0.5022033333333333,0.026663906523821865,0.33583999999999997,0.01779296021839349
235,0.37123666666666666,0.01346056008410416,1.6926133333333333,0.05903524775740147,0.10570333333333333,0.0029587910444038535,2.5624733333333336,0.06819840695434982,0.50712,0.013525991029618985,0.33322999999999997,0.014835344058475126
236,0.35938,0.004717806693793219,1.6327766666666665,0.07234112577073828,0.10277333333333334,0.0013137774206885694,2.628223333333333,0.09786913240535944,0.5127466666666667,0.010953152260625472,0.33837333333333336,0.012019756422009743
237,0.34297,0.005440799573592097,1.6528566666666666,0.055292980366207216,0.09945666666666668,0.002159956275277605,2.638866666666667,0.054137766649334305,0.5141033333333334,0.018006299206419718,0.34035666666666664,0.013719298248979222
238,0.368865,0.002155000000000018,1.565515,0.08421499999999993,0.1055,0.00017000000000000348,2.59767,0.006180000000000074,0.528395,0.015195000000000012,0.35549,0.011789999999999995
239,0.367865,0.004425000000000012,1.6089449999999998,0.05424499999999998,0.105515,0.0017549999999999996,2.5035049999999996,0.003335000000000088,0.5323800000000001,0.013400000000000023,0.35653999999999997,0.003179999999999988
240,0.36828,0.004170000000000007,1.608665,0.07284500000000003,0.106465,0.0003249999999999989,2.58142,0.020150000000000112,0.5317000000000001,0.020210000000000006,0.357,0.0041100000000000025
241,0.35875,0.003049999999999997,1.63156,0.04172999999999993,0.10282,0.00238,2.562135,0.04208500000000015,0.525385,0.028214999999999987,0.35663500000000004,0.016875
242,0.36014500000000005,0.012874999999999998,1.61029,0.04039999999999999,0.10408,0.0006999999999999992,2.5498950000000002,0.08821500000000014,0.53408,0.016789999999999968,0.35932,0.011289999999999994
243,0.35863500000000004,0.0030949999999999867,1.5775299999999999,0.07053999999999994,0.10348,0.0021800000000000014,2.4982949999999997,0.061165000000000136,0.52037,0.010229999999999961,0.35095,0.006170000000000008
244,0.37373,0.0012400000000000189,1.6239400000000002,0.06525999999999998,0.106625,0.0015449999999999978,2.512325,0.10801499999999996,0.5311,0.025499999999999967,0.351035,0.011034999999999988
245,0.352665,0.012674999999999992,1.619875,0.055034999999999945,0.102125,0.002124999999999995,2.535265,0.0666549999999999,0.53721,0.026749999999999996,0.359795,0.017015
246,0.38909499999999997,0.0031449999999999807,1.6351499999999999,0.037450000000000094,0.10991000000000001,0.00048000000000000126,2.48454,0.0476399999999999,0.538565,0.030405000000000015,0.35845499999999997,0.008544999999999997
247,0.369435,0.004305000000000003,1.57587,0.06094999999999994,0.10942,0.0056599999999999975,2.45335,0.029980000000000114,0.541685,0.026465000000000016,0.35819999999999996,0.010889999999999983
248,0.33283,0.0,1.53411,0.0,0.09684,0.0,2.43474,0.0,0.56198,0.0,0.36222,0.0
249,0.33642,0.0,1.52877,0.0,0.09813,0.0,2.41184,0.0,0.56563,0.0,0.37405,0.0
250,0.35993,0.0,1.55365,0.0,0.10385,0.0,2.53902,0.0,0.55112,0.0,0.37057,0.0
251,0.34819,0.0,1.57249,0.0,0.10023,0.0,2.60379,0.0,0.54476,0.0,0.36988,0.0
252,0.34111,0.0,1.53498,0.0,0.0993,0.0,2.61028,0.0,0.53095,0.0,0.35736,0.0
253,0.37412,0.0,1.51203,0.0,0.10622,0.0,2.64549,0.0,0.52776,0.0,0.36117,0.0
254,0.39329,0.0,1.6023,0.0,0.11156,0.0,2.80504,0.0,0.52626,0.0,0.35239,0.0
255,0.34896,0.0,1.55108,0.0,0.10275,0.0,2.78589,0.0,0.53227,0.0,0.35113,0.0
256,0.3331,0.0,1.56303,0.0,0.09813,0.0,2.64991,0.0,0.52842,0.0,0.35286,0.0
257,0.3584,0.0,1.54709,0.0,0.10286,0.0,2.85252,0.0,0.53037,0.0,0.35178,0.0
258,0.34053,0.0,1.53979,0.0,0.09971,0.0,2.86254,0.0,0.53801,0.0,0.35604,0.0
259,0.34148,0.0,1.53132,0.0,0.09861,0.0,2.86932,0.0,0.49647,0.0,0.34135,0.0
260,0.36762,0.0,1.51861,0.0,0.1058,0.0,2.81799,0.0,0.51928,0.0,0.35055,0.0
261,0.40553,0.0,1.53624,0.0,0.11375,0.0,2.76309,0.0,0.51345,0.0,0.34967,0.0
262,0.34707,0.0,1.51691,0.0,0.10007,0.0,2.80429,0.0,0.51068,0.0,0.34522,0.0
263,0.33076,0.0,1.51933,0.0,0.10014,0.0,2.69289,0.0,0.51885,0.0,0.35486,0.0
264,0.33671,0.0,1.49219,0.0,0.09936,0.0,2.67856,0.0,0.5351,0.0,0.35121,0.0
265,0.3376,0.0,1.50092,0.0,0.10541,0.0,2.58746,0.0,0.52563,0.0,0.35918,0.0
266,0.3385,0.0,1.46778,0.0,0.10434,0.0,2.54414,0.0,0.53511,0.0,0.36534,0.0
267,0.32974,0.0,1.52021,0.0,0.09724,0.0,2.65216,0.0,0.53262,0.0,0.35766,0.0
268,0.32935,0.0,1.51015,0.0,0.09872,0.0,2.55389,0.0,0.53838,0.0,0.36362,0.0
269,0.33311,0.0,1.53362,0.0,0.10326,0.0,2.48307,0.0,0.56315,0.0,0.36631,0.0
270,0.33981,0.0,1.5339,0.0,0.10053,0.0,2.61567,0.0,0.54911,0.0,0.36438,0.0
271,0.3408,0.0,1.54755,0.0,0.10036,0.0,2.58062,0.0,0.55989,0.0,0.37387,0.0
272,0.32396,0.0,1.49148,0.0,0.09557,0.0,2.5429,0.0,0.56148,0.0,0.37157,0.0
273,0.33547,0.0,1.52102,0.0,0.09911,0.0,2.64761,0.0,0.56179,0.0,0.36534,0.0
274,0.30903,0.0,1.49607,0.0,0.09432,0.0,2.54058,0.0,0.52802,0.0,0.34986,0.0
275,0.31673,0.0,1.49881,0.0,0.09716,0.0,2.58893,0.0,0.52922,0.0,0.3557,0.0
276,0.3482,0.0,1.523,0.0,0.10545,0.0,2.5329,0.0,0.54977,0.0,0.36672,0.0
277,0.35364,0.0,1.51948,0.0,0.10549,0.0,2.61081,0.0,0.5377,0.0,0.36463,0.0
278,0.3399,0.0,1.49686,0.0,0.09997,0.0,2.66563,0.0,0.52873,0.0,0.35994,0.0
279,0.32006,0.0,1.50506,0.0,0.09522,0.0,2.7581,0.0,0.53684,0.0,0.36437,0.0
280,0.35065,0.0,1.50726,0.0,0.10503,0.0,2.68613,0.0,0.52227,0.0,0.35175,0.0
281,0.34641,0.0,1.49844,0.0,0.10175,0.0,2.67711,0.0,0.56571,0.0,0.3666,0.0
282,0.33521,0.0,1.47459,0.0,0.09811,0.0,2.52458,0.0,0.55575,0.0,0.36947,0.0
283,0.30967,0.0,1.48687,0.0,0.09605,0.0,2.59895,0.0,0.55308,0.0,0.3668,0.0
284,0.305,0.0,1.53015,0.0,0.09048,0.0,2.72111,0.0,0.54749,0.0,0.36191,0.0
285,0.3449,0.0,1.53762,0.0,0.10401,0.0,2.65294,0.0,0.5402,0.0,0.35791,0.0
286,0.34164,0.0,1.51665,0.0,0.09889,0.0,2.52349,0.0,0.54246,0.0,0.35886,0.0
287,0.30506,0.0,1.45755,0.0,0.09257,0.0,2.44877,0.0,0.56068,0.0,0.37675,0.0
288,0.30714,0.0,1.47657,0.0,0.09026,0.0,2.63971,0.0,0.52748,0.0,0.36013,0.0
289,0.29169,0.0,1.49861,0.0,0.08706,0.0,2.60881,0.0,0.53689,0.0,0.36478,0.0
290,0.29546,0.0,1.49744,0.0,0.08728,0.0,2.51677,0.0,0.53683,0.0,0.36107,0.0
291,0.28748,0.0,1.50705,0.0,0.08503,0.0,2.60525,0.0,0.53085,0.0,0.36056,0.0
292,0.30618,0.0,1.51944,0.0,0.08988,0.0,2.67715,0.0,0.54121,0.0,0.36149,0.0
293,0.28922,0.0,1.51207,0.0,0.08511,0.0,2.67955,0.0,0.54554,0.0,0.36463,0.0
294,0.29244,0.0,1.47611,0.0,0.08629,0.0,2.62524,0.0,0.54589,0.0,0.36684,0.0
295,0.30967,0.0,1.51246,0.0,0.0903,0.0,2.77777,0.0,0.53991,0.0,0.36221,0.0
296,0.3015,0.0,1.49418,0.0,0.08911,0.0,2.68995,0.0,0.54637,0.0,0.36503,0.0
297,0.30402,0.0,1.51283,0.0,0.08988,0.0,2.69985,0.0,0.55118,0.0,0.36937,0.0
298,0.29866,0.0,1.48983,0.0,0.08778,0.0,2.69646,0.0,0.55136,0.0,0.36364,0.0
299,0.2999,0.0,1.49031,0.0,0.08849,0.0,2.7911,0.0,0.5413,0.0,0.36624,0.0
300,0.32994,0.0,1.46736,0.0,0.09547,0.0,2.56504,0.0,0.54265,0.0,0.36914,0.0
301,0.30941,0.0,1.47735,0.0,0.0905,0.0,2.66303,0.0,0.54551,0.0,0.36656,0.0
302,0.32882,0.0,1.4938,0.0,0.09601,0.0,2.58738,0.0,0.5458,0.0,0.35976,0.0
303,0.33095,0.0,1.47909,0.0,0.09548,0.0,2.50884,0.0,0.54115,0.0,0.3638,0.0
304,0.32369,0.0,1.48603,0.0,0.09322,0.0,2.6073,0.0,0.52907,0.0,0.35893,0.0
305,0.29027,0.0,1.44456,0.0,0.08506,0.0,2.62173,0.0,0.52753,0.0,0.35959,0.0
306,0.29508,0.0,1.48482,0.0,0.08666,0.0,2.59842,0.0,0.53529,0.0,0.35917,0.0
307,0.29097,0.0,1.48448,0.0,0.08609,0.0,2.65928,0.0,0.54173,0.0,0.36236,0.0
308,0.29368,0.0,1.52118,0.0,0.087,0.0,2.60068,0.0,0.54199,0.0,0.36321,0.0
309,0.29357,0.0,1.49902,0.0,0.08636,0.0,2.65501,0.0,0.54107,0.0,0.36386,0.0
310,0.28778,0.0,1.48635,0.0,0.08527,0.0,2.69476,0.0,0.53657,0.0,0.35797,0.0
311,0.28001,0.0,1.50014,0.0,0.08317,0.0,2.74559,0.0,0.53581,0.0,0.35506,0.0
312,0.26833,0.0,1.48325,0.0,0.07979,0.0,2.66813,0.0,0.53253,0.0,0.3513,0.0
313,0.29136,0.0,1.46935,0.0,0.08588,0.0,2.64038,0.0,0.53148,0.0,0.35509,0.0
314,0.26817,0.0,1.50037,0.0,0.07981,0.0,2.64406,0.0,0.53327,0.0,0.35715,0.0
315,0.2709,0.0,1.47837,0.0,0.08066,0.0,2.50252,0.0,0.53742,0.0,0.35983,0.0
316,0.27627,0.0,1.48788,0.0,0.08171,0.0,2.54169,0.0,0.54156,0.0,0.36064,0.0
317,0.31234,0.0,1.4548,0.0,0.09079,0.0,2.46404,0.0,0.53659,0.0,0.35928,0.0
318,0.29315,0.0,1.45049,0.0,0.08602,0.0,2.38023,0.0,0.54182,0.0,0.36225,0.0
319,0.27173,0.0,1.4768,0.0,0.08062,0.0,2.42727,0.0,0.53691,0.0,0.35768,0.0
320,0.26721,0.0,1.46481,0.0,0.07951,0.0,2.51199,0.0,0.52672,0.0,0.35449,0.0
321,0.28555,0.0,1.45896,0.0,0.08417,0.0,2.58961,0.0,0.52358,0.0,0.35455,0.0
322,0.29555,0.0,1.43345,0.0,0.0868,0.0,2.55479,0.0,0.51959,0.0,0.35508,0.0
323,0.28676,0.0,1.48675,0.0,0.08451,0.0,2.56893,0.0,0.52829,0.0,0.35995,0.0
324,0.29012,0.0,1.4477,0.0,0.08553,0.0,2.54816,0.0,0.53362,0.0,0.36937,0.0
325,0.29265,0.0,1.49977,0.0,0.08538,0.0,2.6862,0.0,0.52935,0.0,0.3588,0.0
