split,image_name,year,category,n_objects
Train,0001_2010.jpg,2010,Empty,0
Train,0001_2021.jpg,2021,MILCO-only,2
Train,0002_2010.jpg,2010,Empty,0
Train,0002_2018.jpg,2018,Empty,0
Train,0002_2021.jpg,2021,Empty,0
Train,0003_2010.jpg,2010,Empty,0
Train,0003_2015.jpg,2015,Mixed,5
Train,0003_2017.jpg,2017,MILCO-only,2
Train,0003_2018.jpg,2018,Empty,0
Train,0004_2017.jpg,2017,MILCO-only,1
Train,0004_2018.jpg,2018,Empty,0
Train,0004_2021.jpg,2021,Empty,0
Train,0005_2010.jpg,2010,Empty,0
Train,0005_2017.jpg,2017,MILCO-only,1
Train,0005_2018.jpg,2018,Empty,0
Train,0005_2021.jpg,2021,Empty,0
Train,0006_2010.jpg,2010,Empty,0
Train,0006_2015.jpg,2015,Mixed,3
Train,0006_2017.jpg,2017,MILCO-only,1
Train,0006_2021.jpg,2021,Empty,0
Train,0007_2010.jpg,2010,Empty,0
Train,0007_2017.jpg,2017,MILCO-only,1
Train,0007_2018.jpg,2018,Empty,0
Train,0007_2021.jpg,2021,MILCO-only,2
Train,0008_2017.jpg,2017,MILCO-only,1
Train,0008_2018.jpg,2018,Empty,0
Train,0008_2021.jpg,2021,MILCO-only,3
Train,0009_2015.jpg,2015,Mixed,6
Train,0009_2017.jpg,2017,MILCO-only,3
Train,0009_2018.jpg,2018,Empty,0
Train,0009_2021.jpg,2021,MILCO-only,3
Train,0010_2010.jpg,2010,Empty,0
Train,0010_2015.jpg,2015,Mixed,6
Train,0010_2017.jpg,2017,MILCO-only,3
Train,0010_2018.jpg,2018,Empty,0
Train,0010_2021.jpg,2021,MILCO-only,3
Train,0011_2015.jpg,2015,MILCO-only,2
Train,0011_2021.jpg,2021,MILCO-only,3
Train,0012_2010.jpg,2010,Empty,0
Train,0012_2015.jpg,2015,MILCO-only,2
Train,0012_2017.jpg,2017,Empty,0
Train,0012_2018.jpg,2018,Empty,0
Train,0013_2010.jpg,2010,Empty,0
Train,0013_2015.jpg,2015,Mixed,5
Train,0013_2017.jpg,2017,MILCO-only,2
Train,0013_2021.jpg,2021,MILCO-only,1
Train,0014_2015.jpg,2015,Mixed,5
Train,0014_2017.jpg,2017,MILCO-only,2
Train,0014_2021.jpg,2021,Empty,0
Train,0015_2015.jpg,2015,Mixed,3
Train,0015_2017.jpg,2017,Empty,0
Train,0015_2018.jpg,2018,Empty,0
Train,0015_2021.jpg,2021,MILCO-only,1
Train,0016_2017.jpg,2017,Empty,0
Train,0016_2018.jpg,2018,Empty,0
Train,0017_2010.jpg,2010,Empty,0
Train,0017_2017.jpg,2017,Empty,0
Train,0018_2010.jpg,2010,Empty,0
Train,0018_2015.jpg,2015,Mixed,3
Train,0018_2021.jpg,2021,MILCO-only,1
Train,0019_2010.jpg,2010,Empty,0
Train,0019_2015.jpg,2015,Mixed,2
Train,0019_2017.jpg,2017,Empty,0
Train,0019_2021.jpg,2021,MILCO-only,1
Train,0020_2010.jpg,2010,Empty,0
Train,0020_2018.jpg,2018,Empty,0
Train,0020_2021.jpg,2021,MILCO-only,2
Train,0021_2010.jpg,2010,Empty,0
Train,0021_2018.jpg,2018,MILCO-only,1
Train,0021_2021.jpg,2021,MILCO-only,1
Train,0022_2010.jpg,2010,Empty,0
Train,0022_2015.jpg,2015,MILCO-only,2
Train,0022_2017.jpg,2017,Empty,0
Train,0022_2021.jpg,2021,Empty,0
Train,0023_2015.jpg,2015,MILCO-only,1
Train,0023_2017.jpg,2017,Empty,0
Train,0023_2018.jpg,2018,MILCO-only,1
Train,0023_2021.jpg,2021,MILCO-only,1
Train,0024_2018.jpg,2018,Empty,0
Train,0024_2021.jpg,2021,MILCO-only,1
Train,0025_2015.jpg,2015,Mixed,3
Train,0026_2010.jpg,2010,Empty,0
Train,0026_2021.jpg,2021,MILCO-only,1
Train,0027_2010.jpg,2010,Empty,0
Train,0027_2015.jpg,2015,Mixed,3
Train,0027_2017.jpg,2017,Empty,0
Train,0027_2018.jpg,2018,Empty,0
Train,0027_2021.jpg,2021,MILCO-only,1
Train,0028_2010.jpg,2010,Empty,0
Train,0028_2017.jpg,2017,Empty,0
Train,0028_2018.jpg,2018,Empty,0
Train,0028_2021.jpg,2021,MILCO-only,1
Train,0029_2010.jpg,2010,Empty,0
Train,0029_2015.jpg,2015,MILCO-only,3
Train,0029_2017.jpg,2017,Empty,0
Train,0029_2021.jpg,2021,Empty,0
Train,0030_2010.jpg,2010,Empty,0
Train,0030_2017.jpg,2017,Empty,0
Train,0030_2018.jpg,2018,Empty,0
Train,0031_2010.jpg,2010,Empty,0
Train,0031_2018.jpg,2018,Empty,0
Train,0032_2010.jpg,2010,Empty,0
Train,0032_2017.jpg,2017,Empty,0
Train,0032_2021.jpg,2021,MILCO-only,2
Train,0033_2015.jpg,2015,Mixed,3
Train,0033_2017.jpg,2017,Empty,0
Train,0033_2021.jpg,2021,Empty,0
Train,0034_2010.jpg,2010,Empty,0
Train,0034_2017.jpg,2017,Empty,0
Train,0034_2018.jpg,2018,Empty,0
Train,0034_2021.jpg,2021,MILCO-only,2
Train,0035_2010.jpg,2010,Empty,0
Train,0035_2015.jpg,2015,MILCO-only,2
Train,0035_2017.jpg,2017,Empty,0
Train,0035_2018.jpg,2018,Empty,0
Train,0035_2021.jpg,2021,MILCO-only,3
Train,0036_2010.jpg,2010,Empty,0
Train,0036_2017.jpg,2017,Empty,0
Train,0036_2018.jpg,2018,MILCO-only,1
Train,0036_2021.jpg,2021,Empty,0
Train,0037_2010.jpg,2010,Empty,0
Train,0037_2017.jpg,2017,Empty,0
Train,0037_2018.jpg,2018,MILCO-only,1
Train,0037_2021.jpg,2021,MILCO-only,4
Train,0038_2010.jpg,2010,Empty,0
Train,0038_2015.jpg,2015,Mixed,5
Train,0038_2017.jpg,2017,MILCO-only,2
Train,0038_2021.jpg,2021,Empty,0
Train,0039_2015.jpg,2015,Mixed,5
Train,0039_2017.jpg,2017,MILCO-only,2
Train,0039_2018.jpg,2018,Empty,0
Train,0039_2021.jpg,2021,Empty,0
Train,0040_2015.jpg,2015,Mixed,5
Train,0040_2017.jpg,2017,MILCO-only,2
Train,0040_2018.jpg,2018,Empty,0
Train,0040_2021.jpg,2021,MILCO-only,2
Train,0041_2015.jpg,2015,MILCO-only,1
Train,0041_2017.jpg,2017,MILCO-only,1
Train,0041_2021.jpg,2021,MILCO-only,1
Train,0042_2010.jpg,2010,Empty,0
Train,0042_2017.jpg,2017,MILCO-only,1
Train,0042_2018.jpg,2018,Empty,0
Train,0042_2021.jpg,2021,Empty,0
Train,0043_2010.jpg,2010,Empty,0
Train,0043_2017.jpg,2017,Empty,0
Train,0043_2018.jpg,2018,Empty,0
Train,0043_2021.jpg,2021,Empty,0
Train,0044_2010.jpg,2010,Empty,0
Train,0044_2015.jpg,2015,MILCO-only,2
Train,0044_2017.jpg,2017,Empty,0
Train,0044_2018.jpg,2018,Empty,0
Train,0044_2021.jpg,2021,Empty,0
Train,0045_2010.jpg,2010,Empty,0
Train,0045_2015.jpg,2015,MILCO-only,1
Train,0045_2017.jpg,2017,Empty,0
Train,0045_2021.jpg,2021,Empty,0
Train,0046_2010.jpg,2010,Empty,0
Train,0046_2017.jpg,2017,Empty,0
Train,0046_2018.jpg,2018,Empty,0
Train,0046_2021.jpg,2021,Empty,0
Train,0047_2017.jpg,2017,Empty,0
Train,0047_2018.jpg,2018,Empty,0
Train,0047_2021.jpg,2021,Empty,0
Train,0048_2010.jpg,2010,Empty,0
Train,0048_2015.jpg,2015,Mixed,7
Train,0048_2017.jpg,2017,Empty,0
Train,0048_2021.jpg,2021,Empty,0
Train,0049_2010.jpg,2010,Empty,0
Train,0049_2015.jpg,2015,Mixed,7
Train,0049_2017.jpg,2017,Empty,0
Train,0049_2018.jpg,2018,Empty,0
Train,0050_2010.jpg,2010,Empty,0
Train,0050_2017.jpg,2017,Empty,0
Train,0050_2018.jpg,2018,Empty,0
Train,0051_2010.jpg,2010,Empty,0
Train,0051_2017.jpg,2017,Empty,0
Train,0051_2018.jpg,2018,Empty,0
Train,0052_2010.jpg,2010,Empty,0
Train,0052_2015.jpg,2015,MILCO-only,1
Train,0052_2017.jpg,2017,Empty,0
Train,0052_2018.jpg,2018,Empty,0
Train,0053_2010.jpg,2010,Empty,0
Train,0053_2015.jpg,2015,MILCO-only,2
Train,0053_2017.jpg,2017,Empty,0
Train,0053_2018.jpg,2018,Empty,0
Train,0054_2010.jpg,2010,Empty,0
Train,0054_2015.jpg,2015,NOMBO-only,1
Train,0054_2017.jpg,2017,Empty,0
Train,0054_2018.jpg,2018,Empty,0
Train,0055_2010.jpg,2010,Empty,0
Train,0055_2015.jpg,2015,Mixed,13
Train,0055_2017.jpg,2017,Empty,0
Train,0055_2018.jpg,2018,Empty,0
Train,0056_2010.jpg,2010,Empty,0
Train,0056_2015.jpg,2015,Mixed,9
Train,0056_2017.jpg,2017,Empty,0
Train,0056_2018.jpg,2018,Empty,0
Train,0057_2010.jpg,2010,Empty,0
Train,0057_2015.jpg,2015,Mixed,9
Train,0057_2017.jpg,2017,Empty,0
Train,0057_2018.jpg,2018,Empty,0
Train,0058_2010.jpg,2010,Empty,0
Train,0058_2015.jpg,2015,Mixed,8
Train,0058_2017.jpg,2017,Empty,0
Train,0059_2010.jpg,2010,Empty,0
Train,0059_2015.jpg,2015,Mixed,8
Train,0059_2018.jpg,2018,Empty,0
Train,0060_2015.jpg,2015,Mixed,7
Train,0060_2017.jpg,2017,Empty,0
Train,0060_2018.jpg,2018,Empty,0
Train,0061_2010.jpg,2010,NOMBO-only,1
Train,0061_2015.jpg,2015,Mixed,7
Train,0061_2018.jpg,2018,Empty,0
Train,0062_2010.jpg,2010,NOMBO-only,1
Train,0062_2017.jpg,2017,Empty,0
Train,0063_2010.jpg,2010,MILCO-only,1
Train,0063_2015.jpg,2015,Mixed,6
Train,0063_2017.jpg,2017,Empty,0
Train,0063_2018.jpg,2018,Empty,0
Train,0064_2010.jpg,2010,Empty,0
Train,0064_2015.jpg,2015,Mixed,5
Train,0065_2010.jpg,2010,Empty,0
Train,0065_2015.jpg,2015,Mixed,5
Train,0065_2018.jpg,2018,Empty,0
Train,0066_2010.jpg,2010,Empty,0
Train,0066_2015.jpg,2015,Mixed,6
Train,0066_2017.jpg,2017,NOMBO-only,1
Train,0066_2018.jpg,2018,Empty,0
Train,0067_2010.jpg,2010,Empty,0
Train,0067_2015.jpg,2015,Mixed,3
Train,0067_2017.jpg,2017,NOMBO-only,1
Train,0067_2018.jpg,2018,Empty,0
Train,0068_2017.jpg,2017,Empty,0
Train,0068_2018.jpg,2018,NOMBO-only,1
Train,0069_2010.jpg,2010,Empty,0
Train,0069_2015.jpg,2015,NOMBO-only,3
Train,0069_2017.jpg,2017,Empty,0
Train,0069_2018.jpg,2018,Empty,0
Train,0070_2015.jpg,2015,Mixed,3
Train,0070_2017.jpg,2017,Empty,0
Train,0070_2018.jpg,2018,Empty,0
Train,0071_2010.jpg,2010,Empty,0
Train,0071_2015.jpg,2015,Mixed,3
Train,0071_2018.jpg,2018,Empty,0
Train,0072_2018.jpg,2018,Empty,0
Train,0073_2010.jpg,2010,Empty,0
Train,0073_2015.jpg,2015,NOMBO-only,4
Train,0073_2018.jpg,2018,Empty,0
Train,0074_2010.jpg,2010,Empty,0
Train,0074_2015.jpg,2015,Mixed,4
Train,0074_2017.jpg,2017,Empty,0
Train,0074_2018.jpg,2018,Empty,0
Train,0075_2010.jpg,2010,Empty,0
Train,0075_2015.jpg,2015,Mixed,4
Train,0075_2017.jpg,2017,Empty,0
Train,0076_2010.jpg,2010,Empty,0
Train,0076_2018.jpg,2018,Empty,0
Train,0077_2010.jpg,2010,Empty,0
Train,0077_2015.jpg,2015,Mixed,5
Train,0077_2017.jpg,2017,Empty,0
Train,0077_2018.jpg,2018,Empty,0
Train,0078_2010.jpg,2010,Empty,0
Train,0078_2015.jpg,2015,MILCO-only,4
Train,0078_2017.jpg,2017,Empty,0
Train,0079_2010.jpg,2010,Empty,0
Train,0079_2017.jpg,2017,Empty,0
Train,0079_2018.jpg,2018,Mixed,2
Train,0080_2010.jpg,2010,Empty,0
Train,0080_2017.jpg,2017,Empty,0
Train,0080_2018.jpg,2018,Mixed,2
Train,0081_2010.jpg,2010,Empty,0
Train,0081_2015.jpg,2015,MILCO-only,2
Train,0081_2017.jpg,2017,Empty,0
Train,0081_2018.jpg,2018,Empty,0
Train,0082_2015.jpg,2015,MILCO-only,3
Train,0082_2017.jpg,2017,Empty,0
Train,0082_2018.jpg,2018,Empty,0
Train,0083_2010.jpg,2010,Empty,0
Train,0083_2015.jpg,2015,MILCO-only,3
Train,0083_2018.jpg,2018,NOMBO-only,1
Train,0084_2017.jpg,2017,Empty,0
Train,0084_2018.jpg,2018,NOMBO-only,1
Train,0085_2015.jpg,2015,MILCO-only,2
Train,0085_2017.jpg,2017,Empty,0
Train,0085_2018.jpg,2018,NOMBO-only,1
Train,0086_2010.jpg,2010,Empty,0
Train,0086_2015.jpg,2015,MILCO-only,3
Train,0086_2017.jpg,2017,Empty,0
Train,0086_2018.jpg,2018,Empty,0
Train,0087_2010.jpg,2010,Empty,0
Train,0087_2015.jpg,2015,MILCO-only,3
Train,0087_2017.jpg,2017,Empty,0
Train,0088_2010.jpg,2010,Empty,0
Train,0088_2015.jpg,2015,Mixed,3
Train,0088_2017.jpg,2017,Empty,0
Train,0088_2018.jpg,2018,Empty,0
Train,0089_2017.jpg,2017,Empty,0
Train,0089_2018.jpg,2018,Empty,0
Train,0090_2010.jpg,2010,Empty,0
Train,0090_2015.jpg,2015,Mixed,7
Train,0091_2017.jpg,2017,Empty,0
Train,0091_2018.jpg,2018,Empty,0
Train,0092_2010.jpg,2010,Empty,0
Train,0092_2015.jpg,2015,MILCO-only,1
Train,0094_2015.jpg,2015,MILCO-only,1
Train,0094_2018.jpg,2018,Empty,0
Train,0095_2010.jpg,2010,Empty,0
Train,0095_2015.jpg,2015,MILCO-only,1
Train,0095_2018.jpg,2018,Empty,0
Train,0096_2010.jpg,2010,Empty,0
Train,0096_2018.jpg,2018,Empty,0
Train,0097_2010.jpg,2010,Empty,0
Train,0097_2018.jpg,2018,Empty,0
Train,0098_2010.jpg,2010,Empty,0
Train,0098_2015.jpg,2015,MILCO-only,1
Train,0098_2018.jpg,2018,Empty,0
Train,0099_2015.jpg,2015,MILCO-only,1
Train,0099_2018.jpg,2018,Empty,0
Train,0100_2010.jpg,2010,Empty,0
Train,0100_2015.jpg,2015,NOMBO-only,1
Train,0100_2018.jpg,2018,Empty,0
Train,0101_2010.jpg,2010,Empty,0
Train,0101_2018.jpg,2018,Empty,0
Train,0102_2018.jpg,2018,Empty,0
Train,0103_2010.jpg,2010,Empty,0
Train,0103_2018.jpg,2018,Empty,0
Train,0104_2010.jpg,2010,Empty,0
Train,0104_2015.jpg,2015,Mixed,3
Train,0105_2015.jpg,2015,Mixed,3
Train,0105_2018.jpg,2018,Empty,0
Train,0106_2010.jpg,2010,Empty,0
Train,0106_2018.jpg,2018,Empty,0
Train,0107_2015.jpg,2015,Mixed,3
Train,0108_2010.jpg,2010,Empty,0
Train,0108_2015.jpg,2015,Empty,0
Train,0108_2018.jpg,2018,Empty,0
Train,0109_2010.jpg,2010,Empty,0
Train,0109_2015.jpg,2015,Empty,0
Train,0109_2018.jpg,2018,Empty,0
Train,0110_2010.jpg,2010,Empty,0
Train,0110_2018.jpg,2018,Empty,0
Train,0111_2010.jpg,2010,Empty,0
Train,0111_2015.jpg,2015,Mixed,6
Train,0111_2018.jpg,2018,Empty,0
Train,0112_2015.jpg,2015,MILCO-only,4
Train,0112_2018.jpg,2018,Empty,0
Train,0113_2010.jpg,2010,Empty,0
Train,0113_2018.jpg,2018,Empty,0
Train,0114_2018.jpg,2018,Empty,0
Train,0115_2010.jpg,2010,Empty,0
Train,0115_2015.jpg,2015,Mixed,2
Train,0116_2015.jpg,2015,MILCO-only,1
Train,0117_2010.jpg,2010,Empty,0
Train,0117_2018.jpg,2018,NOMBO-only,1
Train,0118_2010.jpg,2010,Empty,0
Train,0119_2010.jpg,2010,Empty,0
Train,0119_2015.jpg,2015,MILCO-only,1
Train,0119_2018.jpg,2018,Empty,0
Train,0120_2010.jpg,2010,Empty,0
Train,0120_2015.jpg,2015,MILCO-only,1
Train,0120_2018.jpg,2018,Empty,0
Train,0121_2010.jpg,2010,Empty,0
Train,0122_2018.jpg,2018,Empty,0
Train,0123_2018.jpg,2018,Empty,0
Train,0124_2010.jpg,2010,Empty,0
Train,0125_2010.jpg,2010,Empty,0
Train,0126_2010.jpg,2010,Empty,0
Train,0127_2018.jpg,2018,Empty,0
Train,0128_2010.jpg,2010,Empty,0
Train,0128_2018.jpg,2018,Empty,0
Train,0129_2010.jpg,2010,Empty,0
Train,0129_2018.jpg,2018,Empty,0
Train,0130_2018.jpg,2018,Empty,0
Train,0131_2010.jpg,2010,Empty,0
Train,0131_2018.jpg,2018,MILCO-only,1
Train,0132_2018.jpg,2018,MILCO-only,1
Train,0133_2010.jpg,2010,Empty,0
Train,0133_2018.jpg,2018,Empty,0
Train,0134_2010.jpg,2010,Empty,0
Train,0135_2010.jpg,2010,Empty,0
Train,0135_2018.jpg,2018,Empty,0
Train,0137_2010.jpg,2010,Empty,0
Train,0137_2018.jpg,2018,MILCO-only,1
Train,0138_2010.jpg,2010,Empty,0
Train,0138_2018.jpg,2018,MILCO-only,1
Train,0139_2010.jpg,2010,Empty,0
Train,0139_2018.jpg,2018,Empty,0
Train,0140_2010.jpg,2010,Empty,0
Train,0140_2018.jpg,2018,Empty,0
Train,0141_2010.jpg,2010,Empty,0
Train,0141_2018.jpg,2018,Empty,0
Train,0142_2010.jpg,2010,Empty,0
Train,0142_2018.jpg,2018,Empty,0
Train,0143_2018.jpg,2018,Empty,0
Train,0144_2010.jpg,2010,Empty,0
Train,0144_2018.jpg,2018,Empty,0
Train,0145_2010.jpg,2010,Empty,0
Train,0145_2018.jpg,2018,Empty,0
Train,0146_2010.jpg,2010,Empty,0
Train,0146_2018.jpg,2018,Empty,0
Train,0147_2010.jpg,2010,Empty,0
Train,0148_2010.jpg,2010,Empty,0
Train,0148_2018.jpg,2018,MILCO-only,1
Train,0149_2010.jpg,2010,Empty,0
Train,0149_2018.jpg,2018,Empty,0
Train,0150_2010.jpg,2010,Empty,0
Train,0150_2018.jpg,2018,Empty,0
Train,0151_2010.jpg,2010,Empty,0
Train,0152_2010.jpg,2010,Empty,0
Train,0153_2018.jpg,2018,Empty,0
Train,0156_2010.jpg,2010,Empty,0
Train,0156_2018.jpg,2018,Empty,0
Train,0157_2010.jpg,2010,Empty,0
Train,0157_2018.jpg,2018,Empty,0
Train,0158_2010.jpg,2010,Empty,0
Train,0158_2018.jpg,2018,Empty,0
Train,0159_2010.jpg,2010,Empty,0
Train,0160_2010.jpg,2010,Empty,0
Train,0161_2018.jpg,2018,Empty,0
Train,0162_2018.jpg,2018,Empty,0
Train,0163_2018.jpg,2018,Empty,0
Train,0164_2010.jpg,2010,Empty,0
Train,0164_2018.jpg,2018,Empty,0
Train,0165_2018.jpg,2018,Empty,0
Train,0166_2018.jpg,2018,MILCO-only,1
Train,0167_2010.jpg,2010,Empty,0
Train,0167_2018.jpg,2018,Empty,0
Train,0168_2010.jpg,2010,Empty,0
Train,0168_2018.jpg,2018,Empty,0
Train,0169_2018.jpg,2018,Empty,0
Train,0170_2010.jpg,2010,Empty,0
Train,0170_2018.jpg,2018,Empty,0
Train,0171_2018.jpg,2018,Empty,0
Train,0172_2018.jpg,2018,Empty,0
Train,0173_2010.jpg,2010,Empty,0
Train,0173_2018.jpg,2018,Empty,0
Train,0174_2010.jpg,2010,Empty,0
Train,0174_2018.jpg,2018,Empty,0
Train,0175_2018.jpg,2018,Empty,0
Train,0176_2010.jpg,2010,Empty,0
Train,0177_2010.jpg,2010,Empty,0
Train,0177_2018.jpg,2018,Empty,0
Train,0178_2010.jpg,2010,Empty,0
Train,0179_2010.jpg,2010,Empty,0
Train,0179_2018.jpg,2018,Empty,0
Train,0181_2018.jpg,2018,Empty,0
Train,0182_2018.jpg,2018,Empty,0
Train,0183_2018.jpg,2018,Empty,0
Train,0184_2018.jpg,2018,Empty,0
Train,0185_2010.jpg,2010,Empty,0
Train,0185_2018.jpg,2018,Empty,0
Train,0186_2018.jpg,2018,Empty,0
Train,0187_2010.jpg,2010,Empty,0
Train,0187_2018.jpg,2018,Empty,0
Train,0188_2010.jpg,2010,Empty,0
Train,0189_2018.jpg,2018,Empty,0
Train,0190_2010.jpg,2010,Empty,0
Train,0191_2010.jpg,2010,Empty,0
Train,0192_2018.jpg,2018,Empty,0
Train,0193_2010.jpg,2010,Empty,0
Train,0193_2018.jpg,2018,Empty,0
Train,0194_2010.jpg,2010,Empty,0
Train,0194_2018.jpg,2018,Empty,0
Train,0195_2018.jpg,2018,Empty,0
Train,0196_2010.jpg,2010,Empty,0
Train,0197_2010.jpg,2010,Empty,0
Train,0197_2018.jpg,2018,Empty,0
Train,0198_2010.jpg,2010,Empty,0
Train,0198_2018.jpg,2018,Empty,0
Train,0199_2010.jpg,2010,Empty,0
Train,0199_2018.jpg,2018,Empty,0
Train,0201_2010.jpg,2010,Empty,0
Train,0201_2018.jpg,2018,Empty,0
Train,0202_2010.jpg,2010,Empty,0
Train,0202_2018.jpg,2018,Empty,0
Train,0203_2010.jpg,2010,Empty,0
Train,0204_2010.jpg,2010,Empty,0
Train,0204_2018.jpg,2018,Empty,0
Train,0205_2018.jpg,2018,Empty,0
Train,0206_2010.jpg,2010,Empty,0
Train,0207_2018.jpg,2018,Empty,0
Train,0208_2010.jpg,2010,MILCO-only,1
Train,0209_2018.jpg,2018,Empty,0
Train,0210_2010.jpg,2010,Empty,0
Train,0211_2010.jpg,2010,Empty,0
Train,0211_2018.jpg,2018,Empty,0
Train,0212_2010.jpg,2010,Empty,0
Train,0212_2018.jpg,2018,MILCO-only,1
Train,0213_2018.jpg,2018,MILCO-only,1
Train,0214_2010.jpg,2010,Empty,0
Train,0214_2018.jpg,2018,Empty,0
Train,0215_2010.jpg,2010,Empty,0
Train,0215_2018.jpg,2018,Empty,0
Train,0216_2018.jpg,2018,Empty,0
Train,0217_2010.jpg,2010,Empty,0
Train,0218_2018.jpg,2018,Empty,0
Train,0219_2010.jpg,2010,Empty,0
Train,0219_2018.jpg,2018,Empty,0
Train,0220_2010.jpg,2010,Empty,0
Train,0220_2018.jpg,2018,Empty,0
Train,0221_2018.jpg,2018,Empty,0
Train,0222_2010.jpg,2010,Empty,0
Train,0222_2018.jpg,2018,Empty,0
Train,0223_2010.jpg,2010,Empty,0
Train,0223_2018.jpg,2018,Empty,0
Train,0224_2010.jpg,2010,Empty,0
Train,0224_2018.jpg,2018,Empty,0
Train,0225_2010.jpg,2010,Empty,0
Train,0225_2018.jpg,2018,Empty,0
Train,0226_2010.jpg,2010,Empty,0
Train,0226_2018.jpg,2018,Empty,0
Train,0227_2010.jpg,2010,Empty,0
Train,0228_2010.jpg,2010,Empty,0
Train,0228_2018.jpg,2018,Empty,0
Train,0229_2010.jpg,2010,Empty,0
Train,0229_2018.jpg,2018,Empty,0
Train,0230_2010.jpg,2010,Empty,0
Train,0232_2018.jpg,2018,Empty,0
Train,0233_2018.jpg,2018,Empty,0
Train,0234_2010.jpg,2010,Empty,0
Train,0234_2018.jpg,2018,Empty,0
Train,0235_2010.jpg,2010,Empty,0
Train,0235_2018.jpg,2018,Empty,0
Train,0237_2010.jpg,2010,Empty,0
Train,0237_2018.jpg,2018,Empty,0
Train,0238_2010.jpg,2010,Empty,0
Train,0239_2010.jpg,2010,Empty,0
Train,0239_2018.jpg,2018,Empty,0
Train,0240_2010.jpg,2010,Empty,0
Train,0240_2018.jpg,2018,Empty,0
Train,0241_2010.jpg,2010,Empty,0
Train,0242_2010.jpg,2010,Empty,0
Train,0244_2010.jpg,2010,Empty,0
Train,0244_2018.jpg,2018,Empty,0
Train,0245_2010.jpg,2010,Empty,0
Train,0245_2018.jpg,2018,Empty,0
Train,0246_2010.jpg,2010,Empty,0
Train,0246_2018.jpg,2018,Empty,0
Train,0247_2010.jpg,2010,Empty,0
Train,0247_2018.jpg,2018,Empty,0
Train,0248_2010.jpg,2010,Empty,0
Train,0248_2018.jpg,2018,Empty,0
Train,0249_2018.jpg,2018,Empty,0
Train,0250_2010.jpg,2010,Empty,0
Train,0250_2018.jpg,2018,Empty,0
Train,0251_2018.jpg,2018,Empty,0
Train,0252_2010.jpg,2010,Empty,0
Train,0252_2018.jpg,2018,Empty,0
Train,0253_2010.jpg,2010,Empty,0
Train,0253_2018.jpg,2018,Empty,0
Train,0254_2010.jpg,2010,Empty,0
Train,0254_2018.jpg,2018,Empty,0
Train,0256_2018.jpg,2018,Empty,0
Train,0257_2010.jpg,2010,MILCO-only,2
Train,0258_2018.jpg,2018,Empty,0
Train,0259_2010.jpg,2010,Empty,0
Train,0259_2018.jpg,2018,Empty,0
Train,0260_2010.jpg,2010,Empty,0
Train,0260_2018.jpg,2018,Empty,0
Train,0261_2010.jpg,2010,Empty,0
Train,0261_2018.jpg,2018,Empty,0
Train,0262_2010.jpg,2010,Empty,0
Train,0262_2018.jpg,2018,Empty,0
Train,0263_2010.jpg,2010,Empty,0
Train,0264_2018.jpg,2018,Empty,0
Train,0265_2010.jpg,2010,Empty,0
Train,0266_2010.jpg,2010,Empty,0
Train,0266_2018.jpg,2018,Empty,0
Train,0267_2010.jpg,2010,Empty,0
Train,0267_2018.jpg,2018,Empty,0
Train,0268_2018.jpg,2018,NOMBO-only,1
Train,0269_2018.jpg,2018,NOMBO-only,1
Train,0271_2010.jpg,2010,Empty,0
Train,0272_2010.jpg,2010,Empty,0
Train,0273_2010.jpg,2010,Empty,0
Train,0273_2018.jpg,2018,Empty,0
Train,0274_2010.jpg,2010,Empty,0
Train,0274_2018.jpg,2018,Empty,0
Train,0275_2010.jpg,2010,Empty,0
Train,0275_2018.jpg,2018,MILCO-only,1
Train,0276_2018.jpg,2018,MILCO-only,1
Train,0277_2018.jpg,2018,Empty,0
Train,0278_2010.jpg,2010,Empty,0
Train,0279_2010.jpg,2010,Empty,0
Train,0279_2018.jpg,2018,Empty,0
Train,0280_2010.jpg,2010,Empty,0
Train,0280_2018.jpg,2018,Empty,0
Train,0281_2018.jpg,2018,Empty,0
Train,0282_2010.jpg,2010,Empty,0
Train,0282_2018.jpg,2018,MILCO-only,1
Train,0283_2018.jpg,2018,Empty,0
Train,0284_2010.jpg,2010,MILCO-only,1
Train,0286_2018.jpg,2018,NOMBO-only,1
Train,0287_2010.jpg,2010,Empty,0
Train,0288_2010.jpg,2010,Empty,0
Train,0288_2018.jpg,2018,Empty,0
Train,0290_2018.jpg,2018,Empty,0
Train,0292_2010.jpg,2010,Empty,0
Train,0292_2018.jpg,2018,Empty,0
Train,0293_2010.jpg,2010,Empty,0
Train,0293_2018.jpg,2018,Empty,0
Train,0294_2010.jpg,2010,Empty,0
Train,0295_2018.jpg,2018,Empty,0
Train,0296_2010.jpg,2010,Empty,0
Train,0297_2010.jpg,2010,Empty,0
Train,0297_2018.jpg,2018,Empty,0
Train,0298_2010.jpg,2010,Empty,0
Train,0298_2018.jpg,2018,Empty,0
Train,0299_2010.jpg,2010,MILCO-only,1
Train,0299_2018.jpg,2018,Empty,0
Train,0302_2010.jpg,2010,MILCO-only,1
Train,0302_2018.jpg,2018,Empty,0
Train,0303_2010.jpg,2010,Empty,0
Train,0304_2010.jpg,2010,Empty,0
Train,0304_2018.jpg,2018,Empty,0
Train,0305_2010.jpg,2010,MILCO-only,1
Train,0305_2018.jpg,2018,Empty,0
Train,0306_2010.jpg,2010,Empty,0
Train,0306_2018.jpg,2018,Empty,0
Train,0308_2010.jpg,2010,Empty,0
Train,0308_2018.jpg,2018,Empty,0
Train,0309_2010.jpg,2010,Empty,0
Train,0309_2018.jpg,2018,Empty,0
Train,0310_2010.jpg,2010,Empty,0
Train,0311_2010.jpg,2010,Empty,0
Train,0311_2018.jpg,2018,Empty,0
Train,0312_2010.jpg,2010,Empty,0
Train,0312_2018.jpg,2018,Empty,0
Train,0313_2010.jpg,2010,NOMBO-only,1
Train,0313_2018.jpg,2018,Empty,0
Train,0314_2010.jpg,2010,NOMBO-only,1
Train,0314_2018.jpg,2018,Empty,0
Train,0315_2010.jpg,2010,Mixed,2
Train,0315_2018.jpg,2018,Empty,0
Train,0316_2010.jpg,2010,Mixed,2
Train,0316_2018.jpg,2018,Empty,0
Train,0317_2010.jpg,2010,NOMBO-only,1
Train,0317_2018.jpg,2018,Empty,0
Train,0318_2010.jpg,2010,NOMBO-only,1
Train,0318_2018.jpg,2018,Empty,0
Train,0319_2010.jpg,2010,Empty,0
Train,0320_2010.jpg,2010,Empty,0
Train,0320_2018.jpg,2018,NOMBO-only,1
Train,0322_2018.jpg,2018,Empty,0
Train,0324_2010.jpg,2010,Mixed,2
Train,0325_2010.jpg,2010,Mixed,2
Train,0325_2018.jpg,2018,NOMBO-only,1
Train,0326_2010.jpg,2010,Empty,0
Train,0326_2018.jpg,2018,Empty,0
Train,0327_2018.jpg,2018,Empty,0
Train,0328_2018.jpg,2018,MILCO-only,1
Train,0331_2018.jpg,2018,MILCO-only,2
Train,0332_2010.jpg,2010,Empty,0
Train,0333_2018.jpg,2018,MILCO-only,2
Train,0334_2010.jpg,2010,Empty,0
Train,0334_2018.jpg,2018,MILCO-only,1
Train,0335_2010.jpg,2010,Empty,0
Train,0335_2018.jpg,2018,MILCO-only,1
Train,0336_2018.jpg,2018,MILCO-only,2
Train,0337_2010.jpg,2010,Empty,0
Train,0338_2018.jpg,2018,Empty,0
Train,0339_2010.jpg,2010,MILCO-only,1
Train,0340_2018.jpg,2018,MILCO-only,1
Train,0341_2010.jpg,2010,Empty,0
Train,0341_2018.jpg,2018,MILCO-only,1
Train,0342_2018.jpg,2018,MILCO-only,1
Train,0343_2018.jpg,2018,MILCO-only,1
Train,0344_2010.jpg,2010,Empty,0
Train,0345_2010.jpg,2010,Empty,0
Train,0345_2018.jpg,2018,Mixed,2
Train,0346_2018.jpg,2018,Empty,0
Train,0347_2018.jpg,2018,Empty,0
Train,0348_2018.jpg,2018,Empty,0
Train,0349_2018.jpg,2018,Empty,0
Train,0350_2018.jpg,2018,Empty,0
Train,0351_2018.jpg,2018,Empty,0
Train,0352_2018.jpg,2018,Empty,0
Train,0356_2018.jpg,2018,Empty,0
Train,0357_2018.jpg,2018,Empty,0
Train,0358_2018.jpg,2018,MILCO-only,3
Train,0359_2018.jpg,2018,MILCO-only,3
Train,0360_2018.jpg,2018,Empty,0
Train,0361_2018.jpg,2018,Empty,0
Train,0362_2018.jpg,2018,MILCO-only,1
Train,0364_2018.jpg,2018,MILCO-only,1
Train,0365_2018.jpg,2018,Mixed,3
Train,0366_2018.jpg,2018,Mixed,3
Train,0368_2018.jpg,2018,MILCO-only,2
Train,0370_2018.jpg,2018,MILCO-only,1
Train,0371_2018.jpg,2018,MILCO-only,1
Train,0373_2018.jpg,2018,MILCO-only,1
Train,0377_2018.jpg,2018,MILCO-only,1
Train,0378_2018.jpg,2018,MILCO-only,1
Train,0379_2018.jpg,2018,MILCO-only,1
Train,0380_2018.jpg,2018,Empty,0
Train,0381_2018.jpg,2018,Empty,0
Train,0383_2018.jpg,2018,Empty,0
Train,0385_2018.jpg,2018,Empty,0
Train,0386_2018.jpg,2018,Empty,0
Train,0387_2018.jpg,2018,MILCO-only,1
Train,0388_2018.jpg,2018,MILCO-only,1
Train,0389_2018.jpg,2018,MILCO-only,1
Train,0392_2018.jpg,2018,Empty,0
Train,0393_2018.jpg,2018,Empty,0
Train,0394_2018.jpg,2018,Empty,0
Train,0395_2018.jpg,2018,Empty,0
Train,0396_2018.jpg,2018,Empty,0
Train,0398_2018.jpg,2018,Empty,0
Train,0400_2018.jpg,2018,Empty,0
Train,0401_2018.jpg,2018,Empty,0
Train,0402_2018.jpg,2018,Empty,0
Train,0403_2018.jpg,2018,Empty,0
Train,0404_2018.jpg,2018,Mixed,2
Train,0405_2018.jpg,2018,Empty,0
Train,0408_2018.jpg,2018,Empty,0
Train,0410_2018.jpg,2018,Empty,0
Train,0411_2018.jpg,2018,Empty,0
Train,0412_2018.jpg,2018,MILCO-only,1
Train,0413_2018.jpg,2018,MILCO-only,1
Train,0414_2018.jpg,2018,NOMBO-only,1
Train,0415_2018.jpg,2018,NOMBO-only,1
Train,0417_2018.jpg,2018,Empty,0
Train,0418_2018.jpg,2018,Empty,0
Train,0419_2018.jpg,2018,Empty,0
Train,0420_2018.jpg,2018,Empty,0
Train,0421_2018.jpg,2018,Empty,0
Train,0423_2018.jpg,2018,Empty,0
Train,0425_2018.jpg,2018,Empty,0
Train,0427_2018.jpg,2018,NOMBO-only,1
Train,0428_2018.jpg,2018,MILCO-only,1
Train,0429_2018.jpg,2018,MILCO-only,1
Train,0431_2018.jpg,2018,Empty,0
Train,0434_2018.jpg,2018,Mixed,2
Train,0436_2018.jpg,2018,MILCO-only,1
Train,0437_2018.jpg,2018,MILCO-only,1
Train,0438_2018.jpg,2018,Empty,0
Train,0439_2018.jpg,2018,Empty,0
Train,0440_2018.jpg,2018,NOMBO-only,1
Train,0441_2018.jpg,2018,MILCO-only,2
Train,0442_2018.jpg,2018,MILCO-only,2
Train,0443_2018.jpg,2018,MILCO-only,1
Train,0444_2018.jpg,2018,MILCO-only,1
Train,0445_2018.jpg,2018,MILCO-only,1
Train,0446_2018.jpg,2018,Empty,0
Train,0448_2018.jpg,2018,Empty,0
Train,0451_2018.jpg,2018,MILCO-only,1
Train,0453_2018.jpg,2018,NOMBO-only,1
Train,0455_2018.jpg,2018,MILCO-only,2
Train,0456_2018.jpg,2018,NOMBO-only,1
Train,0457_2018.jpg,2018,NOMBO-only,1
Train,0458_2018.jpg,2018,NOMBO-only,2
Train,0459_2018.jpg,2018,NOMBO-only,1
Train,0460_2018.jpg,2018,NOMBO-only,3
Train,0461_2018.jpg,2018,NOMBO-only,2
Train,0464_2018.jpg,2018,MILCO-only,1
Train,0465_2018.jpg,2018,Empty,0
Train,0466_2018.jpg,2018,Empty,0
Train,0467_2018.jpg,2018,Empty,0
Train,0468_2018.jpg,2018,Empty,0
Train,0469_2018.jpg,2018,Empty,0
Train,0470_2018.jpg,2018,Empty,0
Train,0471_2018.jpg,2018,Empty,0
Train,0472_2018.jpg,2018,Empty,0
Train,0473_2018.jpg,2018,Empty,0
Train,0476_2018.jpg,2018,Empty,0
Train,0479_2018.jpg,2018,Empty,0
Train,0480_2018.jpg,2018,Empty,0
Train,0481_2018.jpg,2018,NOMBO-only,1
Train,0482_2018.jpg,2018,Empty,0
Train,0484_2018.jpg,2018,Empty,0
Train,0485_2018.jpg,2018,Empty,0
Train,0486_2018.jpg,2018,Empty,0
Train,0488_2018.jpg,2018,Empty,0
Train,0489_2018.jpg,2018,Empty,0
Train,0490_2018.jpg,2018,Empty,0
Train,0491_2018.jpg,2018,Empty,0
Train,0493_2018.jpg,2018,Empty,0
Train,0496_2018.jpg,2018,Empty,0
Train,0497_2018.jpg,2018,Empty,0
Train,0499_2018.jpg,2018,Empty,0
Train,0500_2018.jpg,2018,Empty,0
Train,0503_2018.jpg,2018,Empty,0
Train,0504_2018.jpg,2018,Empty,0
Train,0505_2018.jpg,2018,Empty,0
Train,0506_2018.jpg,2018,Empty,0
Train,0509_2018.jpg,2018,Empty,0
Train,0512_2018.jpg,2018,Empty,0
Train,0515_2018.jpg,2018,Empty,0
Train,0517_2018.jpg,2018,MILCO-only,2
Train,0518_2018.jpg,2018,Empty,0
Train,0519_2018.jpg,2018,Empty,0
Train,0522_2018.jpg,2018,Empty,0
Train,0523_2018.jpg,2018,Empty,0
Train,0524_2018.jpg,2018,Empty,0
Train,0525_2018.jpg,2018,Empty,0
Train,0527_2018.jpg,2018,Empty,0
Train,0528_2018.jpg,2018,Empty,0
Train,0530_2018.jpg,2018,Empty,0
Train,0531_2018.jpg,2018,Empty,0
Train,0532_2018.jpg,2018,Empty,0
Train,0533_2018.jpg,2018,Empty,0
Train,0536_2018.jpg,2018,Empty,0
Train,0537_2018.jpg,2018,Empty,0
Train,0538_2018.jpg,2018,Empty,0
Train,0539_2018.jpg,2018,Empty,0
Train,0542_2018.jpg,2018,Empty,0
Train,0544_2018.jpg,2018,Empty,0
Train,0545_2018.jpg,2018,Empty,0
Train,0546_2018.jpg,2018,Empty,0
Train,0547_2018.jpg,2018,Empty,0
Train,0551_2018.jpg,2018,Empty,0
Train,0554_2018.jpg,2018,Empty,0
Train,0555_2018.jpg,2018,Empty,0
Train,0556_2018.jpg,2018,Empty,0
Train,0558_2018.jpg,2018,Empty,0
Train,0559_2018.jpg,2018,Empty,0
Train,0560_2018.jpg,2018,Empty,0
Train,0561_2018.jpg,2018,Empty,0
Train,0562_2018.jpg,2018,Empty,0
Validation,0001_2015.jpg,2015,Mixed,6
Validation,0001_2017.jpg,2017,MILCO-only,1
Validation,0003_2021.jpg,2021,MILCO-only,2
Validation,0004_2010.jpg,2010,Empty,0
Validation,0005_2015.jpg,2015,Mixed,5
Validation,0007_2015.jpg,2015,MILCO-only,7
Validation,0009_2010.jpg,2010,Empty,0
Validation,0011_2010.jpg,2010,Empty,0
Validation,0012_2021.jpg,2021,MILCO-only,2
Validation,0013_2018.jpg,2018,Empty,0
Validation,0014_2010.jpg,2010,Empty,0
Validation,0014_2018.jpg,2018,Empty,0
Validation,0015_2010.jpg,2010,Empty,0
Validation,0016_2015.jpg,2015,Mixed,3
Validation,0017_2018.jpg,2018,Empty,0
Validation,0017_2021.jpg,2021,Empty,0
Validation,0019_2018.jpg,2018,Empty,0
Validation,0022_2018.jpg,2018,MILCO-only,1
Validation,0024_2010.jpg,2010,Empty,0
Validation,0024_2017.jpg,2017,Empty,0
Validation,0025_2018.jpg,2018,Empty,0
Validation,0025_2021.jpg,2021,Empty,0
Validation,0026_2015.jpg,2015,Mixed,3
Validation,0028_2015.jpg,2015,Mixed,3
Validation,0030_2015.jpg,2015,MILCO-only,3
Validation,0030_2021.jpg,2021,Empty,0
Validation,0031_2015.jpg,2015,MILCO-only,1
Validation,0031_2017.jpg,2017,Empty,0
Validation,0032_2018.jpg,2018,Empty,0
Validation,0033_2010.jpg,2010,Empty,0
Validation,0033_2018.jpg,2018,Empty,0
Validation,0036_2015.jpg,2015,MILCO-only,1
Validation,0037_2015.jpg,2015,MILCO-only,1
Validation,0039_2010.jpg,2010,Empty,0
Validation,0040_2010.jpg,2010,Empty,0
Validation,0041_2010.jpg,2010,Empty,0
Validation,0041_2018.jpg,2018,Empty,0
Validation,0042_2015.jpg,2015,MILCO-only,1
Validation,0043_2015.jpg,2015,MILCO-only,2
Validation,0045_2018.jpg,2018,Empty,0
Validation,0047_2015.jpg,2015,MILCO-only,1
Validation,0050_2015.jpg,2015,Mixed,7
Validation,0051_2015.jpg,2015,Mixed,8
Validation,0059_2017.jpg,2017,Empty,0
Validation,0060_2010.jpg,2010,Empty,0
Validation,0061_2017.jpg,2017,Empty,0
Validation,0062_2015.jpg,2015,Mixed,6
Validation,0062_2018.jpg,2018,Empty,0
Validation,0064_2017.jpg,2017,Empty,0
Validation,0064_2018.jpg,2018,Empty,0
Validation,0068_2010.jpg,2010,Empty,0
Validation,0068_2015.jpg,2015,NOMBO-only,3
Validation,0072_2010.jpg,2010,Empty,0
Validation,0072_2015.jpg,2015,NOMBO-only,4
Validation,0073_2017.jpg,2017,Empty,0
Validation,0078_2018.jpg,2018,Empty,0
Validation,0079_2015.jpg,2015,MILCO-only,4
Validation,0080_2015.jpg,2015,MILCO-only,2
Validation,0082_2010.jpg,2010,Empty,0
Validation,0083_2017.jpg,2017,Empty,0
Validation,0084_2015.jpg,2015,MILCO-only,2
Validation,0085_2010.jpg,2010,Empty,0
Validation,0089_2010.jpg,2010,Empty,0
Validation,0089_2015.jpg,2015,Mixed,3
Validation,0090_2017.jpg,2017,Empty,0
Validation,0090_2018.jpg,2018,Empty,0
Validation,0093_2015.jpg,2015,MILCO-only,1
Validation,0093_2017.jpg,2017,Empty,0
Validation,0094_2010.jpg,2010,Empty,0
Validation,0096_2015.jpg,2015,MILCO-only,1
Validation,0097_2015.jpg,2015,MILCO-only,1
Validation,0099_2010.jpg,2010,Empty,0
Validation,0101_2015.jpg,2015,NOMBO-only,1
Validation,0110_2015.jpg,2015,Mixed,6
Validation,0116_2010.jpg,2010,Empty,0
Validation,0116_2018.jpg,2018,Empty,0
Validation,0122_2010.jpg,2010,Empty,0
Validation,0130_2010.jpg,2010,Empty,0
Validation,0151_2018.jpg,2018,Empty,0
Validation,0154_2010.jpg,2010,Empty,0
Validation,0154_2018.jpg,2018,Empty,0
Validation,0155_2010.jpg,2010,Empty,0
Validation,0155_2018.jpg,2018,Empty,0
Validation,0160_2018.jpg,2018,Empty,0
Validation,0161_2010.jpg,2010,Empty,0
Validation,0162_2010.jpg,2010,Empty,0
Validation,0165_2010.jpg,2010,Empty,0
Validation,0169_2010.jpg,2010,Empty,0
Validation,0171_2010.jpg,2010,Empty,0
Validation,0172_2010.jpg,2010,Empty,0
Validation,0180_2018.jpg,2018,Empty,0
Validation,0181_2010.jpg,2010,Empty,0
Validation,0182_2010.jpg,2010,Empty,0
Validation,0183_2010.jpg,2010,Empty,0
Validation,0189_2010.jpg,2010,Empty,0
Validation,0190_2018.jpg,2018,Empty,0
Validation,0191_2018.jpg,2018,Empty,0
Validation,0200_2018.jpg,2018,Empty,0
Validation,0203_2018.jpg,2018,Empty,0
Validation,0205_2010.jpg,2010,Empty,0
Validation,0213_2010.jpg,2010,Empty,0
Validation,0218_2010.jpg,2010,Empty,0
Validation,0221_2010.jpg,2010,Empty,0
Validation,0230_2018.jpg,2018,Empty,0
Validation,0232_2010.jpg,2010,Empty,0
Validation,0233_2010.jpg,2010,Empty,0
Validation,0236_2010.jpg,2010,Empty,0
Validation,0243_2010.jpg,2010,Empty,0
Validation,0243_2018.jpg,2018,Empty,0
Validation,0249_2010.jpg,2010,Empty,0
Validation,0258_2010.jpg,2010,Empty,0
Validation,0263_2018.jpg,2018,Empty,0
Validation,0268_2010.jpg,2010,Empty,0
Validation,0269_2010.jpg,2010,Empty,0
Validation,0271_2018.jpg,2018,Empty,0
Validation,0272_2018.jpg,2018,Empty,0
Validation,0278_2018.jpg,2018,Empty,0
Validation,0281_2010.jpg,2010,Empty,0
Validation,0284_2018.jpg,2018,Empty,0
Validation,0285_2010.jpg,2010,Empty,0
Validation,0290_2010.jpg,2010,Empty,0
Validation,0296_2018.jpg,2018,Empty,0
Validation,0300_2010.jpg,2010,MILCO-only,1
Validation,0300_2018.jpg,2018,Empty,0
Validation,0303_2018.jpg,2018,Empty,0
Validation,0307_2010.jpg,2010,MILCO-only,1
Validation,0310_2018.jpg,2018,Empty,0
Validation,0321_2010.jpg,2010,Empty,0
Validation,0323_2010.jpg,2010,Empty,0
Validation,0324_2018.jpg,2018,NOMBO-only,1
Validation,0327_2010.jpg,2010,NOMBO-only,1
Validation,0329_2018.jpg,2018,MILCO-only,1
Validation,0340_2010.jpg,2010,Empty,0
Validation,0342_2010.jpg,2010,MILCO-only,1
Validation,0353_2018.jpg,2018,Empty,0
Validation,0363_2018.jpg,2018,MILCO-only,1
Validation,0372_2018.jpg,2018,Empty,0
Validation,0374_2018.jpg,2018,MILCO-only,1
Validation,0390_2018.jpg,2018,Empty,0
Validation,0397_2018.jpg,2018,Empty,0
Validation,0399_2018.jpg,2018,Empty,0
Validation,0406_2018.jpg,2018,Empty,0
Validation,0409_2018.jpg,2018,Empty,0
Validation,0416_2018.jpg,2018,Empty,0
Validation,0424_2018.jpg,2018,Empty,0
Validation,0432_2018.jpg,2018,Empty,0
Validation,0433_2018.jpg,2018,Empty,0
Validation,0435_2018.jpg,2018,Mixed,2
Validation,0447_2018.jpg,2018,Empty,0
Validation,0449_2018.jpg,2018,MILCO-only,1
Validation,0450_2018.jpg,2018,Empty,0
Validation,0454_2018.jpg,2018,NOMBO-only,1
Validation,0463_2018.jpg,2018,NOMBO-only,2
Validation,0475_2018.jpg,2018,Empty,0
Validation,0477_2018.jpg,2018,Empty,0
Validation,0478_2018.jpg,2018,Empty,0
Validation,0487_2018.jpg,2018,Empty,0
Validation,0495_2018.jpg,2018,Empty,0
Validation,0501_2018.jpg,2018,Empty,0
Validation,0502_2018.jpg,2018,Empty,0
Validation,0507_2018.jpg,2018,Empty,0
Validation,0508_2018.jpg,2018,Empty,0
Validation,0510_2018.jpg,2018,MILCO-only,1
Validation,0513_2018.jpg,2018,Empty,0
Validation,0516_2018.jpg,2018,Empty,0
Validation,0520_2018.jpg,2018,Empty,0
Validation,0521_2018.jpg,2018,MILCO-only,1
Validation,0534_2018.jpg,2018,Empty,0
Validation,0541_2018.jpg,2018,Empty,0
Validation,0548_2018.jpg,2018,Empty,0
Validation,0549_2018.jpg,2018,Empty,0
Validation,0550_2018.jpg,2018,Empty,0
Validation,0552_2018.jpg,2018,Empty,0
Validation,0557_2018.jpg,2018,Empty,0
Validation,0564_2018.jpg,2018,Empty,0
Test,0001_2018.jpg,2018,Empty,0
Test,0002_2015.jpg,2015,Mixed,5
Test,0002_2017.jpg,2017,MILCO-only,2
Test,0004_2015.jpg,2015,Mixed,5
Test,0006_2018.jpg,2018,Empty,0
Test,0008_2010.jpg,2010,Empty,0
Test,0008_2015.jpg,2015,MILCO-only,7
Test,0011_2017.jpg,2017,Empty,0
Test,0011_2018.jpg,2018,Empty,0
Test,0016_2010.jpg,2010,Empty,0
Test,0016_2021.jpg,2021,MILCO-only,2
Test,0017_2015.jpg,2015,Mixed,3
Test,0018_2017.jpg,2017,Empty,0
Test,0018_2018.jpg,2018,Empty,0
Test,0020_2015.jpg,2015,Mixed,2
Test,0020_2017.jpg,2017,Empty,0
Test,0021_2015.jpg,2015,MILCO-only,4
Test,0021_2017.jpg,2017,Empty,0
Test,0023_2010.jpg,2010,Empty,0
Test,0024_2015.jpg,2015,MILCO-only,1
Test,0025_2010.jpg,2010,Empty,0
Test,0025_2017.jpg,2017,Empty,0
Test,0026_2017.jpg,2017,Empty,0
Test,0026_2018.jpg,2018,Empty,0
Test,0029_2018.jpg,2018,Empty,0
Test,0031_2021.jpg,2021,MILCO-only,1
Test,0032_2015.jpg,2015,Mixed,3
Test,0034_2015.jpg,2015,MILCO-only,2
Test,0038_2018.jpg,2018,Empty,0
Test,0046_2015.jpg,2015,MILCO-only,1
Test,0047_2010.jpg,2010,Empty,0
Test,0048_2018.jpg,2018,NOMBO-only,1
Test,0058_2018.jpg,2018,Empty,0
Test,0065_2017.jpg,2017,Empty,0
Test,0070_2010.jpg,2010,Empty,0
Test,0071_2017.jpg,2017,Empty,0
Test,0072_2017.jpg,2017,Empty,0
Test,0075_2018.jpg,2018,Empty,0
Test,0076_2015.jpg,2015,Mixed,5
Test,0076_2017.jpg,2017,Empty,0
Test,0084_2010.jpg,2010,Empty,0
Test,0087_2018.jpg,2018,Empty,0
Test,0091_2010.jpg,2010,Empty,0
Test,0091_2015.jpg,2015,Mixed,3
Test,0092_2017.jpg,2017,Empty,0
Test,0092_2018.jpg,2018,Empty,0
Test,0093_2010.jpg,2010,Empty,0
Test,0093_2018.jpg,2018,Empty,0
Test,0102_2010.jpg,2010,Empty,0
Test,0102_2015.jpg,2015,MILCO-only,1
Test,0103_2015.jpg,2015,MILCO-only,1
Test,0104_2018.jpg,2018,Empty,0
Test,0105_2010.jpg,2010,Empty,0
Test,0106_2015.jpg,2015,Mixed,3
Test,0107_2010.jpg,2010,Empty,0
Test,0107_2018.jpg,2018,MILCO-only,1
Test,0112_2010.jpg,2010,Empty,0
Test,0113_2015.jpg,2015,Mixed,8
Test,0114_2010.jpg,2010,Empty,0
Test,0114_2015.jpg,2015,Mixed,2
Test,0115_2018.jpg,2018,Empty,0
Test,0117_2015.jpg,2015,MILCO-only,1
Test,0118_2015.jpg,2015,MILCO-only,2
Test,0118_2018.jpg,2018,NOMBO-only,1
Test,0121_2018.jpg,2018,Empty,0
Test,0123_2010.jpg,2010,Empty,0
Test,0124_2018.jpg,2018,Empty,0
Test,0125_2018.jpg,2018,Empty,0
Test,0126_2018.jpg,2018,Empty,0
Test,0127_2010.jpg,2010,Empty,0
Test,0132_2010.jpg,2010,Empty,0
Test,0134_2018.jpg,2018,Empty,0
Test,0136_2010.jpg,2010,Empty,0
Test,0136_2018.jpg,2018,Empty,0
Test,0143_2010.jpg,2010,Empty,0
Test,0147_2018.jpg,2018,MILCO-only,1
Test,0152_2018.jpg,2018,Empty,0
Test,0153_2010.jpg,2010,Empty,0
Test,0159_2018.jpg,2018,Empty,0
Test,0163_2010.jpg,2010,Empty,0
Test,0166_2010.jpg,2010,Empty,0
Test,0175_2010.jpg,2010,Empty,0
Test,0176_2018.jpg,2018,Empty,0
Test,0178_2018.jpg,2018,Empty,0
Test,0180_2010.jpg,2010,Empty,0
Test,0184_2010.jpg,2010,Empty,0
Test,0186_2010.jpg,2010,Empty,0
Test,0188_2018.jpg,2018,Empty,0
Test,0192_2010.jpg,2010,Empty,0
Test,0195_2010.jpg,2010,Empty,0
Test,0196_2018.jpg,2018,Empty,0
Test,0200_2010.jpg,2010,Empty,0
Test,0206_2018.jpg,2018,Empty,0
Test,0207_2010.jpg,2010,MILCO-only,1
Test,0208_2018.jpg,2018,Empty,0
Test,0209_2010.jpg,2010,Empty,0
Test,0210_2018.jpg,2018,Empty,0
Test,0216_2010.jpg,2010,Empty,0
Test,0217_2018.jpg,2018,Empty,0
Test,0227_2018.jpg,2018,Empty,0
Test,0231_2010.jpg,2010,Empty,0
Test,0231_2018.jpg,2018,Empty,0
Test,0236_2018.jpg,2018,Empty,0
Test,0238_2018.jpg,2018,Empty,0
Test,0241_2018.jpg,2018,Empty,0
Test,0242_2018.jpg,2018,Empty,0
Test,0251_2010.jpg,2010,Empty,0
Test,0255_2010.jpg,2010,Empty,0
Test,0255_2018.jpg,2018,Empty,0
Test,0256_2010.jpg,2010,MILCO-only,2
Test,0257_2018.jpg,2018,Empty,0
Test,0264_2010.jpg,2010,Empty,0
Test,0265_2018.jpg,2018,Empty,0
Test,0270_2010.jpg,2010,Empty,0
Test,0270_2018.jpg,2018,MILCO-only,1
Test,0276_2010.jpg,2010,Empty,0
Test,0277_2010.jpg,2010,Empty,0
Test,0283_2010.jpg,2010,Empty,0
Test,0285_2018.jpg,2018,NOMBO-only,1
Test,0286_2010.jpg,2010,Empty,0
Test,0287_2018.jpg,2018,Empty,0
Test,0289_2010.jpg,2010,Empty,0
Test,0289_2018.jpg,2018,Empty,0
Test,0291_2010.jpg,2010,Empty,0
Test,0291_2018.jpg,2018,Empty,0
Test,0294_2018.jpg,2018,Empty,0
Test,0295_2010.jpg,2010,Empty,0
Test,0301_2010.jpg,2010,Empty,0
Test,0301_2018.jpg,2018,Empty,0
Test,0307_2018.jpg,2018,Empty,0
Test,0319_2018.jpg,2018,NOMBO-only,1
Test,0321_2018.jpg,2018,Empty,0
Test,0322_2010.jpg,2010,MILCO-only,1
Test,0323_2018.jpg,2018,Empty,0
Test,0328_2010.jpg,2010,NOMBO-only,1
Test,0329_2010.jpg,2010,Empty,0
Test,0330_2010.jpg,2010,Empty,0
Test,0330_2018.jpg,2018,MILCO-only,1
Test,0331_2010.jpg,2010,Empty,0
Test,0332_2018.jpg,2018,MILCO-only,2
Test,0333_2010.jpg,2010,Empty,0
Test,0336_2010.jpg,2010,Empty,0
Test,0337_2018.jpg,2018,MILCO-only,1
Test,0338_2010.jpg,2010,MILCO-only,1
Test,0339_2018.jpg,2018,Empty,0
Test,0343_2010.jpg,2010,MILCO-only,1
Test,0344_2018.jpg,2018,Mixed,2
Test,0354_2018.jpg,2018,Empty,0
Test,0355_2018.jpg,2018,Empty,0
Test,0367_2018.jpg,2018,MILCO-only,2
Test,0369_2018.jpg,2018,MILCO-only,1
Test,0375_2018.jpg,2018,MILCO-only,1
Test,0376_2018.jpg,2018,MILCO-only,1
Test,0382_2018.jpg,2018,Empty,0
Test,0384_2018.jpg,2018,Empty,0
Test,0391_2018.jpg,2018,Empty,0
Test,0407_2018.jpg,2018,Empty,0
Test,0422_2018.jpg,2018,Empty,0
Test,0426_2018.jpg,2018,NOMBO-only,1
Test,0430_2018.jpg,2018,Empty,0
Test,0452_2018.jpg,2018,NOMBO-only,1
Test,0462_2018.jpg,2018,NOMBO-only,1
Test,0474_2018.jpg,2018,Empty,0
Test,0483_2018.jpg,2018,Empty,0
Test,0492_2018.jpg,2018,Empty,0
Test,0494_2018.jpg,2018,Empty,0
Test,0498_2018.jpg,2018,Empty,0
Test,0511_2018.jpg,2018,Empty,0
Test,0514_2018.jpg,2018,Empty,0
Test,0526_2018.jpg,2018,Empty,0
Test,0529_2018.jpg,2018,Empty,0
Test,0535_2018.jpg,2018,Empty,0
Test,0540_2018.jpg,2018,Empty,0
Test,0543_2018.jpg,2018,Empty,0
Test,0553_2018.jpg,2018,Empty,0
Test,0563_2018.jpg,2018,Empty,0
